16:04:10  inodes=11%  disk=71%
16:05:10  inodes=11%  disk=71%
16:06:10  inodes=11%  disk=71%
16:07:10  inodes=12%  disk=71%
16:08:10  inodes=12%  disk=71%
16:09:10  inodes=12%  disk=71%
16:10:10  inodes=12%  disk=71%
16:11:10  inodes=12%  disk=71%
16:12:10  inodes=13%  disk=71%
16:13:10  inodes=13%  disk=71%
16:14:10  inodes=13%  disk=71%
16:15:11  inodes=13%  disk=71%
16:16:11  inodes=13%  disk=71%
16:17:11  inodes=13%  disk=71%
16:18:11  inodes=14%  disk=71%
16:19:11  inodes=14%  disk=71%
16:20:11  inodes=14%  disk=71%
16:21:11  inodes=14%  disk=71%
16:22:11  inodes=14%  disk=71%
16:23:11  inodes=15%  disk=71%
16:24:11  inodes=15%  disk=71%
16:25:11  inodes=15%  disk=71%
16:26:11  inodes=15%  disk=71%
16:27:11  inodes=15%  disk=71%
16:28:11  inodes=16%  disk=71%
16:29:11  inodes=16%  disk=71%
16:30:11  inodes=16%  disk=71%
16:31:11  inodes=16%  disk=71%
16:32:11  inodes=16%  disk=71%
16:33:11  inodes=16%  disk=71%
16:34:11  inodes=17%  disk=71%
16:35:11  inodes=17%  disk=71%
16:36:11  inodes=18%  disk=71%
16:37:11  inodes=18%  disk=71%
16:38:11  inodes=18%  disk=71%
16:39:11  inodes=19%  disk=71%
16:40:11  inodes=19%  disk=71%
16:41:11  inodes=19%  disk=71%
16:42:11  inodes=19%  disk=71%
16:43:11  inodes=20%  disk=71%
16:44:11  inodes=20%  disk=71%
16:45:11  inodes=20%  disk=71%
16:46:11  inodes=20%  disk=71%
16:47:11  inodes=20%  disk=71%
16:48:11  inodes=20%  disk=71%
16:49:11  inodes=21%  disk=71%
16:50:11  inodes=21%  disk=71%
16:51:11  inodes=22%  disk=71%
16:52:11  inodes=22%  disk=71%
16:53:11  inodes=22%  disk=71%
16:54:11  inodes=23%  disk=71%
16:55:11  inodes=23%  disk=71%
16:56:11  inodes=23%  disk=71%
16:57:12  inodes=24%  disk=71%
16:58:12  inodes=25%  disk=71%
16:58:49  inodes=25%  disk=71%
16:59:49  inodes=27%  disk=72%
17:00:49  inodes=28%  disk=72%
17:01:50  inodes=29%  disk=72%
17:02:50  inodes=31%  disk=72%
17:03:50  inodes=33%  disk=72%
17:04:50  inodes=33%  disk=72%
17:05:50  inodes=34%  disk=72%
17:06:50  inodes=34%  disk=72%
17:07:50  inodes=36%  disk=72%
17:08:50  inodes=38%  disk=72%
17:09:50  inodes=40%  disk=72%
17:10:50  inodes=44%  disk=72%
17:11:50  inodes=46%  disk=72%
17:12:50  inodes=48%  disk=72%
17:13:50  inodes=50%  disk=72%
17:14:50  inodes=53%  disk=72%
17:15:50  inodes=58%  disk=72%
17:16:50  inodes=63%  disk=72%
17:17:50  inodes=69%  disk=72%
17:18:50  inodes=71%  disk=72%
17:18:50  CRITICAL: inode > 70%, killing newest track_inv_fast process
17:18:50  killed PID 3352720
17:19:50  inodes=79%  disk=72%
17:19:50  CRITICAL: inode > 70%, killing newest track_inv_fast process
17:19:50  killed PID 3333968
17:20:50  inodes=96%  disk=72%
17:20:50  CRITICAL: inode > 70%, killing newest track_inv_fast process
17:20:50  killed PID 3333963
17:20:50  EMERGENCY: inode > 85%, killing all trackers
17:21:50  inodes=96%  disk=72%
17:21:50  CRITICAL: inode > 70%, killing newest track_inv_fast process
17:21:50  EMERGENCY: inode > 85%, killing all trackers
17:22:35  used=11155328  free=564920  disk=72%
17:23:35  used=11155336  free=565984  disk=72%
17:24:35  used=11155504  free=562112  disk=72%
17:25:35  used=11155500  free=562108  disk=72%
17:26:35  used=11155524  free=562348  disk=72%
17:27:35  used=11155524  free=562268  disk=72%
17:28:35  used=11155524  free=562196  disk=72%
17:29:35  used=11155524  free=562124  disk=72%
17:30:35  used=11155524  free=562084  disk=72%
17:31:35  used=11155524  free=562092  disk=72%
17:32:35  used=11130961  free=2936415  disk=72%
17:33:35  used=11130773  free=1934035  disk=72%
17:34:35  used=11130783  free=575329  disk=72%
17:35:35  used=11130782  free=574354  disk=72%
17:36:35  used=11130788  free=575380  disk=72%
17:37:35  used=11130790  free=574330  disk=72%
17:38:35  used=11130793  free=574335  disk=72%
17:39:35  used=11130795  free=574245  disk=72%
17:40:35  used=11130797  free=574251  disk=72%
17:41:36  used=11130798  free=574234  disk=72%
17:42:36  used=11130804  free=574748  disk=72%
17:43:36  used=11130955  free=573597  disk=72%
17:44:36  used=11130955  free=573837  disk=72%
17:45:36  used=11130955  free=573829  disk=72%
17:46:36  used=11130955  free=573709  disk=72%
17:47:36  used=11130955  free=573645  disk=72%
17:48:36  used=11130955  free=573597  disk=72%
17:49:36  used=11130955  free=573597  disk=72%
17:50:36  used=11130955  free=573597  disk=72%
17:51:36  used=11130804  free=574492  disk=72%
17:52:36  used=11130804  free=574492  disk=72%
17:53:36  used=11130815  free=573985  disk=72%
17:54:36  used=11130810  free=574006  disk=72%
17:55:36  used=11130810  free=573934  disk=72%
17:56:36  used=11130810  free=573870  disk=72%
17:57:36  used=11130810  free=573702  disk=72%
17:58:36  used=11130810  free=573742  disk=72%
17:59:36  used=11130810  free=573742  disk=72%
18:00:36  used=11130810  free=573710  disk=72%
18:01:36  used=11130810  free=573742  disk=72%
18:02:36  used=11130810  free=573742  disk=72%
18:03:36  used=11130810  free=573742  disk=72%
18:04:36  used=11130805  free=573747  disk=72%
18:05:36  used=11130805  free=573747  disk=72%
18:06:36  used=11130805  free=573747  disk=72%
18:07:36  used=11130789  free=574059  disk=72%
18:08:36  used=11130789  free=574003  disk=72%
18:09:36  used=11130789  free=573923  disk=72%
18:10:36  used=11130789  free=573859  disk=72%
18:11:36  used=11130789  free=573747  disk=72%
18:12:36  used=11130789  free=573763  disk=72%
18:13:36  used=11130789  free=573763  disk=72%
18:14:36  used=11130789  free=573763  disk=72%
18:15:36  used=11130810  free=574030  disk=72%
18:16:36  used=11130810  free=573878  disk=72%
18:17:36  used=11130810  free=573814  disk=72%
18:18:36  used=11130810  free=573766  disk=72%
18:19:36  used=11130810  free=573750  disk=72%
18:20:36  used=11130810  free=573742  disk=72%
18:21:37  used=11130810  free=573742  disk=72%
18:22:37  used=11130810  free=573742  disk=72%
18:23:37  used=11130810  free=573742  disk=72%
18:24:37  used=11130810  free=573742  disk=72%
18:25:37  used=11130810  free=573742  disk=72%
18:26:37  used=11130810  free=573742  disk=72%
18:27:37  used=11130810  free=573742  disk=72%
18:28:37  used=11130810  free=573742  disk=72%
18:29:37  used=11130810  free=573742  disk=72%
18:30:37  used=11130810  free=573742  disk=72%
18:31:37  used=11130810  free=573742  disk=72%
18:32:37  used=11130810  free=573742  disk=72%
18:33:37  used=11130810  free=573742  disk=72%
18:34:37  used=11130810  free=573742  disk=72%
18:35:37  used=11130810  free=573742  disk=72%
18:36:37  used=11130810  free=573742  disk=72%
18:37:37  used=11130810  free=573742  disk=72%
18:38:37  used=11130810  free=573742  disk=72%
18:39:37  used=11130810  free=573742  disk=72%
18:40:37  used=11130810  free=573742  disk=72%
18:41:37  used=11130810  free=573742  disk=72%
18:42:37  used=11130810  free=573742  disk=72%
18:43:37  used=11130810  free=573742  disk=72%
18:44:37  used=11130810  free=573742  disk=72%
18:45:37  used=11130810  free=573742  disk=72%
18:46:37  used=11130810  free=573742  disk=72%
18:47:37  used=11130810  free=573742  disk=72%
18:48:37  used=11130810  free=573742  disk=72%
18:49:37  used=11130810  free=573742  disk=72%
18:50:37  used=11130810  free=573742  disk=72%
18:51:37  used=11130810  free=573742  disk=72%
18:52:37  used=11130810  free=573742  disk=72%
18:53:37  used=11130810  free=573742  disk=72%
18:54:37  used=11130810  free=573742  disk=72%
18:55:37  used=11130810  free=573742  disk=72%
18:56:37  used=11130810  free=573702  disk=72%
18:57:37  used=11130810  free=573742  disk=72%
18:58:37  used=11130810  free=573742  disk=72%
18:59:37  used=11130810  free=573742  disk=72%
19:00:37  used=11130810  free=573742  disk=72%
19:01:37  used=11130810  free=573742  disk=72%
19:02:37  used=11130810  free=573742  disk=72%
19:03:37  used=11130810  free=573742  disk=72%
19:04:37  used=11130810  free=573742  disk=72%
19:05:38  used=11130810  free=573742  disk=72%
19:06:38  used=11130810  free=573742  disk=72%
19:07:38  used=11130810  free=573742  disk=72%
19:08:38  used=11130810  free=573742  disk=72%
19:09:38  used=11130810  free=573742  disk=72%
19:10:38  used=11130810  free=573742  disk=72%
19:11:38  used=11130810  free=573742  disk=72%
19:12:38  used=11130810  free=573742  disk=72%
19:13:38  used=11130810  free=573742  disk=20:08:39  used=11130822  free=573690  disk=72%
20:09:39  used=11130822  free=573698  disk=72%
20:10:39  used=11130822  free=573730  disk=72%
20:11:39  used=11130822  free=573730  disk=72%
20:12:39  used=11130822  free=573730  disk=72%
20:13:39  used=11130822  free=573730  disk=72%
20:14:39  used=11130822  free=573730  disk=72%
20:15:39  used=11130822  free=573730  disk=72%
20:16:39  used=11130822  free=573730  disk=72%
20:17:39  used=11130822  free=573730  disk=72%
20:18:39  used=11130822  free=573730  disk=72%
20:19:39  used=11130822  free=573730  disk=72%
20:20:39  used=11130822  free=573730  disk=72%
20:21:39  used=11130822  free=573730  disk=72%
20:22:39  used=11130822  free=573730  disk=72%
20:23:39  used=11130822  free=573730  disk=72%
20:24:39  used=11130822  free=573730  disk=72%
20:25:39  used=11130822  free=573730  disk=72%
20:26:39  used=11130822  free=573730  disk=72%
20:27:39  used=11130822  free=573730  disk=72%
20:28:39  used=11130822  free=573730  disk=72%
20:29:40  used=11130822  free=573730  disk=72%
20:30:40  used=11130822  free=573730  disk=72%
20:31:40  used=11130822  free=573730  disk=72%
20:32:40  used=11130822  free=573730  disk=72%
20:33:40  used=11130822  free=573730  disk=72%
20:34:40  used=11130822  free=573730  disk=72%
20:35:40  used=11130822  free=573730  disk=72%
20:36:40  used=11130822  free=573730  disk=72%
20:37:40  used=11130822  free=573730  disk=72%
20:38:40  used=11130822  free=573730  disk=72%
20:39:40  used=11130822  free=573730  disk=72%
20:40:40  used=11130822  free=573730  disk=72%
20:41:40  used=11130822  free=573730  disk=72%
20:42:40  used=11130822  free=573730  disk=72%
20:43:40  used=11130822  free=573730  disk=72%
20:44:40  used=11130822  free=573730  disk=72%
20:45:40  used=11130822  free=573730  disk=72%
20:46:40  used=11130822  free=573730  disk=72%
20:47:40  used=11130822  free=573730  disk=72%
20:48:40  used=11130822  free=573730  disk=72%
20:49:40  used=11130822  free=573730  disk=72%
20:50:40  used=11130822  free=573730  disk=72%
20:51:40  used=11130822  free=573730  disk=72%
20:52:40  used=11130822  free=573730  disk=72%
20:53:40  used=11130822  free=573730  disk=72%
20:54:40  used=11130822  free=573730  disk=72%
20:55:40  used=11130822  free=573730  disk=72%
20:56:40  used=11130822  free=573730  disk=72%
20:57:40  used=11130822  free=573730  disk=72%
20:58:40  used=11130822  free=573730  disk=72%
20:59:40  used=11130822  free=573730  disk=72%
21:00:40  used=11130822  free=573730  disk=72%
21:01:40  used=11130822  free=573730  disk=72%
21:02:40  used=11130822  free=573730  disk=72%
21:03:40  used=11130822  free=573730  disk=72%
21:04:40  used=11130822  free=573730  disk=72%
21:05:40  used=11130822  free=573730  disk=72%
21:06:40  used=11130822  free=573730  disk=72%
21:07:41  used=11130822  free=573730  disk=72%
21:08:41  used=11130801  free=574071  disk=72%
21:09:41  used=11130801  free=573959  disk=72%
21:10:41  used=11130801  free=573887  disk=72%
21:11:41  used=11130801  free=573815  disk=72%
21:12:41  used=11130801  free=573751  disk=72%
21:13:41  used=11130801  free=573751  disk=72%
21:14:41  used=11130801  free=573751  disk=72%
21:15:41  used=11130801  free=573751  disk=72%
21:16:41  used=11130801  free=573751  disk=72%
21:17:41  used=11130801  free=573751  disk=72%
21:18:41  used=11130801  free=573751  disk=72%
21:19:41  used=11130801  free=573751  disk=72%
21:20:41  used=11130801  free=573751  disk=72%
21:21:41  used=11130801  free=573751  disk=72%
21:22:41  used=11130801  free=573751  disk=72%
21:23:41  used=11130801  free=573751  disk=72%
21:24:41  used=11130801  free=573751  disk=72%
21:25:41  used=11130801  free=573751  disk=72%
21:26:41  used=11130801  free=573751  disk=72%
21:27:41  used=11130801  free=573751  disk=72%
21:28:41  used=11130801  free=573751  disk=72%
21:29:41  used=11130801  free=573751  disk=72%
21:30:41  used=11130801  free=573751  disk=72%
21:31:41  used=11130801  free=573751  disk=72%
21:32:41  used=11130801  free=573751  disk=72%
21:33:41  used=11130800  free=573752  disk=72%
21:34:41  used=11130800  free=573752  disk=72%
21:35:421:38:41  used=11130829  free=574251  disk=72%
21:39:41  used=11130837  free=574099  disk=72%
21:40:41  used=11130843  free=573885  disk=72%
21:41:42  used=11130843  free=573829  disk=72%
21:42:42  used=11130843  free=573749  disk=72%
21:43:42  used=11130843  free=573709  disk=72%
21:44:42  used=11130843  free=573717  disk=72%
21:45:42  used=11130843  free=573709  disk=72%
21:46:42  used=11130843  free=573709  disk=72%
21:47:42  used=11130843  free=573709  disk=72%
21:48:42  used=11130843  free=573709  disk=72%
21:49:42  used=11130843  free=573709  disk=72%
21:50:42  used=11130843  free=573669  disk=72%
21:51:42  used=11130843  free=573709  disk=72%
21:52:42  used=11130843  free=573709  disk=72%
21:53:42  used=11130843  free=573709  disk=72%
21:54:42  used=11130843  free=573709  disk=72%
21:55:42  used=11130843  free=573709  disk=72%
21:56:42  used=11130843  free=573709  disk=72%
21:57:42  used=11130843  free=573709  disk=72%
21:58:42  used=11130843  free=573709  disk=72%
21:59:42  used=11130843  free=573733  disk=72%
22:00:42  used=11130843  free=573709  disk=72%
22:01:42  used=11130843  free=573709  disk=72%
22:02:42  used=11130843  free=573709  disk=72%
22:03:42  used=11130843  free=573709  disk=72%
22:04:42  used=11130843  free=573709  disk=72%
22:05:42  used=11130843  free=573709  disk=72%
22:06:42  used=11130843  free=573709  disk=72%
22:07:42  used=11130843  free=573709  disk=72%
22:08:42  used=11130843  free=573709  disk=72%
22:09:42  used=11130843  free=573709  disk=72%
22:10:42  used=11130843  free=573709  disk=72%
22:11:42  used=11130843  free=573709  disk=72%
22:12:42  used=11130843  free=573709  disk=72%
22:13:42  used=11130843  free=573709  disk=72%
22:14:42  used=11130843  free=573709  disk=72%
22:15:42  used=11130843  free=573709  disk=72%
22:16:42  used=11130843  free=573709  disk=72%
22:17:42  used=11130843  free=573709  disk=72%
22:18:42  used=11130843  free=573709  disk=72%
22:19:42  used=11130843  free=573709  disk=72%
22:20:42  used=11130843  free=573709  disk=72%
22:21:42  used=11130843  free=573709  disk=72%
22:22:42  used=11130843  free=573709  disk=72%
22:23:42  used=11130843  free=573709  disk=72%
22:24:43  used=11130843  free=573709  disk=72%
22:25:43  used=11130843  free=573709  disk=72%
22:26:43  used=11130843  free=573709  disk=72%
22:27:43  used=11130843  free=573709  disk=72%
22:28:43  used=11130843  free=573709  disk=72%
22:29:43  used=11130843  free=573709  disk=72%
22:30:43  used=11130843  free=573709  disk=72%
22:31:43  used=11130843  free=573709  disk=72%
22:32:43  used=11130843  free=573709  disk=72%
22:33:43  used=11130843  free=573709  disk=72%
22:34:43  used=11130843  free=573709  disk=72%
22:35:43  used=11130843  free=573709  disk=72%
22:36:43  used=11130843  free=573709  disk=72%
22:37:43  used=11130843  free=573709  disk=72%
22:38:43  used=11130843  free=573709  disk=72%
22:39:43  used=11130843  free=573709  disk=72%
22:40:43  used=11130843  free=573709  disk=72%
22:41:43  used=11130843  free=573709  disk=72%
22:42:43  used=11130843  free=573709  disk=72%
22:43:43  used=11130843  free=573709  disk=72%
22:44:43  used=11130843  free=573709  disk=72%
22:45:43  used=11130843  free=573709  disk=72%
22:46:43  used=11130843  free=573709  disk=72%
22:47:43  used=11130843  free=573709  disk=72%
22:48:43  used=11130843  free=573669  disk=72%
22:49:43  used=11130843  free=573709  disk=72%
22:50:43  used=11130843  free=573709  disk=72%
22:51:43  used=11130843  free=573709  disk=72%
22:52:43  used=11130843  free=573709  disk=72%
22:53:43  used=11130843  free=573709  disk=72%
22:54:43  used=11130843  free=573709  disk=72%
22:55:43  used=11130843  free=573709  disk=72%
22:56:43  used=11130843  free=573709  disk=72%
22:57:43  used=11130843  free=573709  disk=72%
22:58:43  used=11130843  free=573709  disk=72%
22:59:43  used=11130843  free=573709  disk=72%
23:00:43  used=11130843  free=573709  disk=72%
23:01:43  used=11130843  free=573709  disk=72%
23:02:43  used=11130843  free=573709  disk=72%
23:03:43  used=11130843  free=573709  disk=72%
23:04:44  used=11130843  free=573709  disk=72%
23:05:423:07:44  used=11130827  free=574093  disk=72%
23:08:44  used=11130827  free=573989  disk=72%
23:09:44  used=11130827  free=573925  disk=72%
23:10:44  used=11130827  free=573845  disk=72%
23:11:44  used=11130827  free=573765  disk=72%
23:12:44  used=11130827  free=573733  disk=72%
23:13:44  used=11130827  free=573725  disk=72%
23:14:44  used=11130827  free=573725  disk=72%
23:15:44  used=11130827  free=573725  disk=72%
23:16:44  used=11130827  free=573725  disk=72%
23:17:44  used=11130827  free=573725  disk=72%
23:18:44  used=11130827  free=573725  disk=72%
23:19:44  used=11130827  free=573725  disk=72%
23:20:44  used=11130827  free=573725  disk=72%
23:21:44  used=11130827  free=573725  disk=72%
23:22:44  used=11130827  free=573725  disk=72%
23:23:44  used=11130827  free=573725  disk=72%
23:24:44  used=11130827  free=573725  disk=72%
23:25:44  used=11130827  free=573725  disk=72%
23:26:44  used=11130827  free=573725  disk=72%
23:27:44  used=11130827  free=573725  disk=72%
23:28:44  used=11130827  free=573725  disk=72%
23:29:44  used=11130827  free=573725  disk=72%
23:30:44  used=11130827  free=573725  disk=72%
23:31:44  used=11130827  free=573725  disk=72%
23:32:44  used=11130827  free=573725  disk=72%
23:33:44  used=11130827  free=573725  disk=72%
23:34:44  used=11130827  free=573725  disk=72%
23:35:44  used=11130827  free=573725  disk=72%
23:36:44  used=11130827  free=573725  disk=72%
23:37:44  used=11130827  free=573725  disk=72%
23:38:44  used=11130827  free=573725  disk=72%
23:39:44  used=11130827  free=573725  disk=72%
23:40:44  used=11130827  free=573725  disk=72%
23:41:44  used=11130827  free=573725  disk=72%
23:42:44  used=11130827  free=573725  disk=72%
23:43:44  used=11130827  free=573725  disk=72%
23:44:44  used=11130827  free=573725  disk=72%
23:45:44  used=11130827  free=573725  disk=72%
23:46:45  used=11130827  free=573725  disk=72%
23:47:45  used=11130827  free=573725  disk=72%
23:48:45  used=11130827  free=573725  disk=72%
23:49:45  used=11130827  free=573725  disk=72%
23:50:45  used=11130827  free=573725  disk=72%
23:51:45  used=11130827  free=573725  disk=72%
23:52:45  used=11130827  free=573725  disk=72%
23:53:45  used=11130827  free=573725  disk=72%
23:54:45  used=11130827  free=573725  disk=72%
23:55:45  used=11130827  free=573725  disk=72%
23:56:45  used=11130827  free=573725  disk=72%
23:57:45  used=11130827  free=573725  disk=72%
23:58:45  used=11130827  free=573725  disk=72%
23:59:45  used=11130827  free=573725  disk=72%
00:00:45  used=11130827  free=573725  disk=72%
00:01:45  used=11130827  free=573725  disk=72%
00:02:45  used=11130827  free=573725  disk=72%
00:03:45  used=11130827  free=573725  disk=72%
00:04:45  used=11130827  free=573725  disk=72%
00:05:45  used=11130827  free=573725  disk=72%
00:06:45  used=11130827  free=573725  disk=72%
00:07:45  used=11130827  free=573725  disk=72%
00:08:45  used=11130816  free=573976  disk=72%
00:09:45  used=11130816  free=573880  disk=72%
00:10:45  used=11130816  free=573800  disk=72%
00:11:45  used=11130816  free=573736  disk=72%
00:12:45  used=11130816  free=573736  disk=72%
00:13:45  used=11130816  free=573736  disk=72%
00:14:45  used=11130816  free=573736  disk=72%
00:15:45  used=11130816  free=573736  disk=72%
00:16:45  used=11130816  free=573736  disk=72%
00:17:45  used=11130816  free=573736  disk=72%
00:18:45  used=11130816  free=573736  disk=72%
00:19:45  used=11130816  free=573736  disk=72%
00:20:45  used=11130816  free=573736  disk=72%
00:21:45  used=11130816  free=573736  disk=72%
00:22:45  used=11130816  free=573736  disk=72%
00:23:45  used=11130816  free=573736  disk=72%
00:24:45  used=11130816  free=573736  disk=72%
00:25:45  used=11130816  free=573736  disk=72%
00:26:45  used=11130816  free=573736  disk=72%
00:27:45  used=11130816  free=573736  disk=72%
00:28:46  used=11130816  free=573736  disk=72%
00:29:46  used=11130816  free=573736  disk=72%
00:30:46  used=11130816  free=573736  disk=72%
00:31:46  used=11130816  free=573736  disk=72%
00:32:46  used=11130816  free=573736  disk=72%
00:33:46  used=11130816  free=573736  disk=72%
00:34:402:07:48  used=11130812  free=573876  disk=72%
02:08:48  used=11130812  free=573764  disk=72%
02:09:48  used=11130812  free=573740  disk=72%
02:10:48  used=11130812  free=573740  disk=72%
02:11:48  used=11130812  free=573740  disk=72%
02:12:48  used=11130812  free=573740  disk=72%
02:13:48  used=11130812  free=573740  disk=72%
02:14:48  used=11130812  free=573740  disk=72%
02:15:48  used=11130812  free=573740  disk=72%
02:16:48  used=11130812  free=573740  disk=72%
02:17:48  used=11130812  free=573740  disk=72%
02:18:48  used=11130812  free=573740  disk=72%
02:19:48  used=11130812  free=573740  disk=72%
02:20:48  used=11130812  free=573740  disk=72%
02:21:48  used=11130812  free=573740  disk=72%
02:22:48  used=11130812  free=573740  disk=72%
02:23:48  used=11130812  free=573740  disk=72%
02:24:48  used=11130812  free=573740  disk=72%
02:25:48  used=11130812  free=573740  disk=72%
02:26:48  used=11130812  free=573740  disk=72%
02:27:48  used=11130812  free=573740  disk=72%
02:28:48  used=11130812  free=573740  disk=72%
02:29:48  used=11130812  free=573740  disk=72%
02:30:48  used=11130812  free=573740  disk=72%
02:31:48  used=11130812  free=573740  disk=72%
02:32:48  used=11130812  free=573740  disk=72%
02:33:48  used=11130812  free=573740  disk=72%
02:34:49  used=11130812  free=573740  disk=72%
02:35:49  used=11130812  free=573740  disk=72%
02:36:49  used=11130812  free=573740  disk=72%
02:37:49  used=11130812  free=573740  disk=72%
02:38:49  used=11130812  free=573740  disk=72%
02:39:49  used=11130812  free=573740  disk=72%
02:40:49  used=11130812  free=573740  disk=72%
02:41:49  used=11130812  free=573740  disk=72%
02:42:49  used=11130812  free=573740  disk=72%
02:43:49  used=11130812  free=573740  disk=72%
02:44:49  used=11130812  free=573740  disk=72%
02:45:49  used=11130812  free=573740  disk=72%
02:46:49  used=11130812  free=573740  disk=72%
02:47:49  used=11130812  free=573740  disk=72%
02:48:49  used=11130812  free=573740  disk=72%
02:49:49  used=11130812  free=573740  disk=72%
02:50:49  used=11130812  free=573740  disk=72%
02:51:49  used=11130812  free=573740  disk=72%
02:52:49  used=11130812  free=573740  disk=72%
02:53:49  used=11130812  free=573740  disk=72%
02:54:49  used=11130812  free=573740  disk=72%
02:55:49  used=11130812  free=573740  disk=72%
02:56:49  used=11130812  free=573740  disk=72%
02:57:49  used=11130812  free=573740  disk=72%
02:58:49  used=11130812  free=573740  disk=72%
02:59:49  used=11130812  free=573740  disk=72%
03:00:49  used=11130812  free=573740  disk=72%
03:01:49  used=11130812  free=573740  disk=72%
03:02:49  used=11130812  free=573740  disk=72%
03:03:49  used=11130812  free=573740  disk=72%
03:04:49  used=11130812  free=573740  disk=72%
03:05:49  used=11130812  free=573700  disk=72%
03:06:49  used=11130812  free=573740  disk=72%
03:07:49  used=11130476  free=574084  disk=72%
03:08:49  used=11130476  free=574076  disk=72%
03:09:49  used=11130476  free=574076  disk=72%
03:10:49  used=11130476  free=574076  disk=72%
03:11:49  used=11130476  free=574076  disk=72%
03:12:49  used=11130476  free=574076  disk=72%
03:13:49  used=11130476  free=574076  disk=72%
03:14:49  used=11130476  free=574076  disk=72%
03:15:50  used=11130476  free=574076  disk=72%
03:16:50  used=11130476  free=574076  disk=72%
03:17:50  used=11130476  free=574076  disk=72%
03:18:50  used=11130476  free=574076  disk=72%
03:19:50  used=11130476  free=574076  disk=72%
03:20:50  used=11130476  free=574076  disk=72%
03:21:50  used=11130476  free=574076  disk=72%
03:22:50  used=11130476  free=574076  disk=72%
03:23:50  used=11130476  free=574076  disk=72%
03:24:50  used=11130476  free=574076  disk=72%
03:25:50  used=11130476  free=574076  disk=72%
03:26:50  used=11130476  free=574076  disk=72%
03:27:50  used=11130476  free=574076  disk=72%
03:28:50  used=11130476  free=574076  disk=72%
03:29:50  used=11130476  free=574076  disk=72%
03:30:50  used=11130476  free=574076  disk=72%
03:31:50  used=11130476  free=574076  disk=72%
03:32:50  used=11130476  free=574076  disk=72%
03:33:50  used=11130476  free=574076  disk=72%
03:34:503:57:51  used=11131249  free=573479  disk=72%
03:58:51  used=11131249  free=573303  disk=72%
03:59:51  used=11131249  free=573303  disk=72%
04:00:51  used=11131249  free=573303  disk=72%
04:01:51  used=11131249  free=573303  disk=72%
04:02:51  used=11131249  free=573303  disk=72%
04:03:51  used=11131249  free=573303  disk=72%
04:04:51  used=11131249  free=573303  disk=72%
04:05:51  used=11131249  free=573303  disk=72%
04:06:51  used=11131249  free=573303  disk=72%
04:07:51  used=11130600  free=581836  disk=72%
04:08:51  used=11131253  free=573555  disk=72%
04:09:51  used=11131253  free=573347  disk=72%
04:10:51  used=11131228  free=573388  disk=72%
04:11:51  used=11131228  free=573396  disk=72%
04:12:51  used=11131228  free=573324  disk=72%
04:13:51  used=11131228  free=573324  disk=72%
04:14:51  used=11131223  free=573345  disk=72%
04:15:51  used=11131223  free=573329  disk=72%
04:16:51  used=11131223  free=573329  disk=72%
04:17:51  used=11131223  free=573329  disk=72%
04:18:51  used=11131223  free=573329  disk=72%
04:19:51  used=11131223  free=573329  disk=72%
04:20:51  used=11131223  free=573329  disk=72%
04:21:51  used=11131223  free=573329  disk=72%
04:22:51  used=11131223  free=573329  disk=72%
04:23:51  used=11131223  free=573329  disk=72%
04:24:51  used=11131223  free=573329  disk=72%
04:25:51  used=11131223  free=573329  disk=72%
04:26:51  used=11131223  free=573329  disk=72%
04:27:51  used=11131223  free=573329  disk=72%
04:28:51  used=11131223  free=573329  disk=72%
04:29:51  used=11131223  free=573329  disk=72%
04:30:51  used=11131223  free=573329  disk=72%
04:31:51  used=11131223  free=573329  disk=72%
04:32:51  used=11131223  free=573329  disk=72%
04:33:51  used=11131223  free=573329  disk=72%
04:34:52  used=11131223  free=573329  disk=72%
04:35:52  used=11131223  free=573329  disk=72%
04:36:52  used=11131223  free=573329  disk=72%
04:37:52  used=11131223  free=573329  disk=72%
04:38:52  used=11131223  free=573329  disk=72%
04:39:52  used=11131223  free=573329  disk=72%
04:40:52  used=11131223  free=573329  disk=72%
04:41:52  used=11131223  free=573329  disk=72%
04:42:52  used=11131223  free=573329  disk=72%
04:43:52  used=11131223  free=573329  disk=72%
04:44:52  used=11131223  free=573329  disk=72%
04:45:52  used=11131223  free=573329  disk=72%
04:46:52  used=11131223  free=573329  disk=72%
04:47:52  used=11131223  free=573329  disk=72%
04:48:52  used=11131223  free=573329  disk=72%
04:49:52  used=11131223  free=573329  disk=72%
04:50:52  used=11131223  free=573329  disk=72%
04:51:52  used=11131223  free=573329  disk=72%
04:52:52  used=11131223  free=573329  disk=72%
04:53:52  used=11131223  free=573329  disk=72%
04:54:52  used=11131223  free=573329  disk=72%
04:55:52  used=11131223  free=573329  disk=72%
04:56:52  used=11131223  free=573329  disk=72%
04:57:52  used=11131223  free=573329  disk=72%
04:58:52  used=11131223  free=573329  disk=72%
04:59:52  used=11131223  free=573329  disk=72%
05:00:52  used=11131223  free=573329  disk=72%
05:01:52  used=11131223  free=573329  disk=72%
05:02:52  used=11131223  free=573329  disk=72%
05:03:52  used=11131223  free=573329  disk=72%
05:04:52  used=11131223  free=573329  disk=72%
05:05:52  used=11131223  free=573329  disk=72%
05:06:52  used=11131223  free=573329  disk=72%
05:07:52  used=11131212  free=573676  disk=72%
05:08:52  used=11131212  free=573476  disk=72%
05:09:52  used=11131212  free=573372  disk=72%
05:10:52  used=11131212  free=573340  disk=72%
05:11:52  used=11131212  free=573340  disk=72%
05:12:52  used=11131212  free=573340  disk=72%
05:13:52  used=11131212  free=573340  disk=72%
05:14:53  used=11131212  free=573340  disk=72%
05:15:53  used=11131212  free=573340  disk=72%
05:16:53  used=11131212  free=573340  disk=72%
05:17:53  used=11131212  free=573340  disk=72%
05:18:53  used=11131212  free=573340  disk=72%
05:19:53  used=11131212  free=573340  disk=72%
05:20:53  used=11131212  free=573340  disk=72%
05:21:53  used=11131212  free=573340  disk=72%
05:22:53  used=11131212  free=573340  disk=72%
05:23:53  used=11131212  free=573340  disk=72%
05:24:506:07:54  used=11130889  free=578342  disk=72%
06:08:54  used=11131199  free=573497  disk=72%
06:09:54  used=11131199  free=573353  disk=72%
06:10:54  used=11131199  free=573353  disk=72%
06:11:54  used=11131199  free=573353  disk=72%
06:12:54  used=11131199  free=573353  disk=72%
06:13:54  used=11131199  free=573353  disk=72%
06:14:54  used=11131199  free=573353  disk=72%
06:15:54  used=11131199  free=573353  disk=72%
06:16:54  used=11131199  free=573353  disk=72%
06:17:54  used=11131199  free=573353  disk=72%
06:18:54  used=11131199  free=573361  disk=72%
06:19:54  used=11131199  free=573353  disk=72%
06:20:54  used=11131199  free=573353  disk=72%
06:21:54  used=11131199  free=573353  disk=72%
06:22:54  used=11131199  free=573353  disk=72%
06:23:54  used=11131199  free=573353  disk=72%
06:24:54  used=11131199  free=573353  disk=72%
06:25:54  used=11131199  free=573353  disk=72%
06:26:54  used=11131199  free=573353  disk=72%
06:27:54  used=11131199  free=573353  disk=72%
06:28:54  used=11131199  free=573353  disk=72%
06:29:54  used=11131199  free=573353  disk=72%
06:30:54  used=11131199  free=573353  disk=72%
06:31:54  used=11131199  free=573353  disk=72%
06:32:54  used=11131199  free=573353  disk=72%
06:33:54  used=11131199  free=573353  disk=72%
06:34:54  used=11131199  free=573353  disk=72%
06:35:54  used=11131199  free=573353  disk=72%
06:36:54  used=11131199  free=573353  disk=72%
06:37:54  used=11131199  free=573353  disk=72%
06:38:55  used=11131199  free=573353  disk=72%
06:39:55  used=11131199  free=573353  disk=72%
06:40:55  used=11131199  free=573353  disk=72%
06:41:55  used=11131199  free=573353  disk=72%
06:42:55  used=11131199  free=573353  disk=72%
06:43:55  used=11131199  free=573353  disk=72%
06:44:55  used=11131199  free=573353  disk=72%
06:45:55  used=11131199  free=573353  disk=72%
06:46:55  used=11131199  free=573353  disk=72%
06:47:55  used=11131199  free=573353  disk=72%
06:48:55  used=11131199  free=573353  disk=72%
06:49:55  used=11131199  free=573353  disk=72%
06:50:55  used=11131199  free=573353  disk=72%
06:51:55  used=11131199  free=573353  disk=72%
06:52:55  used=11131199  free=573353  disk=72%
06:53:55  used=11131199  free=573353  disk=72%
06:54:55  used=11131199  free=573353  disk=72%
06:55:55  used=11131199  free=573353  disk=72%
06:56:55  used=11131199  free=573353  disk=72%
06:57:55  used=11131199  free=573353  disk=72%
06:58:55  used=11131199  free=573353  disk=72%
06:59:55  used=11131199  free=573353  disk=72%
07:00:55  used=11131199  free=573353  disk=72%
07:01:55  used=11131199  free=573353  disk=72%
07:02:55  used=11131199  free=573353  disk=72%
07:03:55  used=11131199  free=573353  disk=72%
07:04:55  used=11131199  free=573353  disk=72%
07:05:55  used=11131199  free=573353  disk=72%
07:06:55  used=11131199  free=573353  disk=72%
07:07:55  used=11131199  free=573353  disk=72%
07:08:55  used=11131199  free=573353  disk=72%
07:09:55  used=11131199  free=573353  disk=72%
07:10:55  used=11131199  free=573353  disk=72%
07:11:55  used=11131199  free=573353  disk=72%
07:12:55  used=11131199  free=573353  disk=72%
07:13:55  used=11131199  free=573353  disk=72%
07:14:55  used=11131199  free=573353  disk=72%
07:15:55  used=11131199  free=573353  disk=72%
07:16:55  used=11131199  free=573353  disk=72%
07:17:55  used=11131199  free=573353  disk=72%
07:18:55  used=11131199  free=573353  disk=72%
07:19:55  used=11131199  free=573353  disk=72%
07:20:56  used=11131199  free=573353  disk=72%
07:21:56  used=11131199  free=573353  disk=72%
07:22:56  used=11131199  free=573353  disk=72%
07:23:56  used=11131199  free=573353  disk=72%
07:24:56  used=11131199  free=573353  disk=72%
07:25:56  used=11131199  free=573353  disk=72%
07:26:56  used=11131199  free=573353  disk=72%
07:27:56  used=11131199  free=573353  disk=72%
07:28:56  used=11131199  free=573353  disk=72%
07:29:56  used=11131199  free=573353  disk=72%
07:30:56  used=11131199  free=573377  disk=72%
07:31:56  used=11131199  free=573353  disk=72%
07:32:56  used=11131199  free=573353  disk=72%
07:33:56  used=11131199  free=573353  disk=72%
07:34:508:07:57  used=11131195  free=573581  disk=72%
08:08:57  used=11131195  free=573461  disk=72%
08:09:57  used=11131195  free=573357  disk=72%
08:10:57  used=11131195  free=573357  disk=72%
08:11:57  used=11131195  free=573357  disk=72%
08:12:57  used=11131195  free=573357  disk=72%
08:13:57  used=11131195  free=573357  disk=72%
08:14:57  used=11131195  free=573357  disk=72%
08:15:57  used=11131195  free=573357  disk=72%
08:16:57  used=11131195  free=573357  disk=72%
08:17:57  used=11131195  free=573357  disk=72%
08:18:57  used=11131195  free=573357  disk=72%
08:19:57  used=11131195  free=573357  disk=72%
08:20:57  used=11131195  free=573357  disk=72%
08:21:57  used=11131195  free=573357  disk=72%
08:22:57  used=11131195  free=573357  disk=72%
08:23:57  used=11131195  free=573357  disk=72%
08:24:57  used=11131195  free=573357  disk=72%
08:25:57  used=11131195  free=573357  disk=72%
08:26:57  used=11131195  free=573357  disk=72%
08:27:57  used=11131195  free=573357  disk=72%
08:28:57  used=11131195  free=573357  disk=72%
08:29:57  used=11131195  free=573357  disk=72%
08:30:57  used=11131195  free=573357  disk=72%
08:31:57  used=11131195  free=573357  disk=72%
08:32:57  used=11131195  free=573357  disk=72%
08:33:57  used=11131195  free=573357  disk=72%
08:34:57  used=11131195  free=573357  disk=72%
08:35:57  used=11131195  free=573357  disk=72%
08:36:58  used=11131195  free=573357  disk=72%
08:37:58  used=11131195  free=573357  disk=72%
08:38:58  used=11131195  free=573357  disk=72%
08:39:58  used=11131195  free=573357  disk=72%
08:40:58  used=11131195  free=573357  disk=72%
08:41:58  used=11131195  free=573357  disk=72%
08:42:58  used=11131195  free=573357  disk=72%
08:43:58  used=11131194  free=573358  disk=72%
08:44:58  used=11131194  free=573358  disk=72%
08:45:58  used=11131194  free=573358  disk=72%
08:46:58  used=11131194  free=573358  disk=72%
08:47:58  used=11131194  free=573358  disk=72%
08:48:58  used=11131194  free=573358  disk=72%
08:49:58  used=11131194  free=573358  disk=72%
08:50:58  used=11131194  free=573358  disk=72%
08:51:58  used=11131194  free=573358  disk=72%
08:52:58  used=11131194  free=573358  disk=72%
08:53:58  used=11131194  free=573358  disk=72%
08:54:58  used=11131194  free=573358  disk=72%
08:55:58  used=11131194  free=573358  disk=72%
08:56:58  used=11131194  free=573358  disk=72%
08:57:58  used=11131194  free=573358  disk=72%
08:58:58  used=11131194  free=573358  disk=72%
08:59:58  used=11131194  free=573358  disk=72%
09:00:58  used=11109197  free=3679307  disk=72%
09:01:58  used=11109669  free=3155875  disk=72%
09:02:58  used=11109671  free=2140569  disk=72%
09:03:58  used=11109672  free=1611376  disk=72%
09:04:58  used=11109676  free=574180  disk=72%
09:05:58  used=11109678  free=573946  disk=72%
09:06:58  used=11109679  free=573481  disk=72%
09:07:58  used=11109679  free=573929  disk=72%
09:08:58  used=11109682  free=573886  disk=72%
09:09:58  used=11109683  free=573085  disk=72%
09:10:58  used=11109684  free=573460  disk=72%
09:11:58  used=11109685  free=573011  disk=72%
09:12:58  used=11109690  free=573366  disk=72%
09:13:58  used=11109695  free=573217  disk=72%
09:14:58  used=11109699  free=573029  disk=72%
09:15:58  used=11109699  free=573021  disk=72%
09:16:58  used=11109699  free=572837  disk=72%
09:17:59  used=11109699  free=572925  disk=72%
09:18:59  used=11109699  free=572837  disk=72%
09:19:59  used=11109699  free=572837  disk=72%
09:20:59  used=11109699  free=572837  disk=72%
09:21:59  used=11109699  free=572837  disk=72%
09:22:59  used=11109699  free=572837  disk=72%
09:23:59  used=11109699  free=572837  disk=72%
09:24:59  used=11109694  free=573274  disk=72%
09:25:59  used=11109699  free=573053  disk=72%
09:26:59  used=11109699  free=572837  disk=72%
09:27:59  used=11109699  free=572837  disk=72%
09:28:59  used=11109699  free=572837  disk=72%
09:29:59  used=11109699  free=572837  disk=72%
09:30:59  used=11109699  free=572837  disk=72%
09:31:59  used=11109699  free=572837  disk=72%
09:32:59  used=11109699  free=572837  disk=72%
09:33:59  used=11109698  free=166170566  disk=70%
09:34:59  used=11109698  free=166168798  disk=70%
09:35:59  used=11109699  free=165641733  disk=70%
09:36:59  used=11109699  free=165643757  disk=70%
09:37:59  used=11109705  free=162471399  disk=70%
09:38:59  used=11109708  free=160930348  disk=70%
09:39:59  used=11109712  free=158925128  disk=70%
09:40:59  used=11109715  free=157891149  disk=71%
09:41:59  used=11109717  free=156320955  disk=71%
09:42:59  used=11109720  free=154744256  disk=71%
09:43:59  used=11109722  free=153691518  disk=71%
09:44:59  used=11109731  free=152101373  disk=71%
09:45:59  used=11109736  free=149566192  disk=71%
09:46:59  used=11114031  free=148111489  disk=71%
09:47:59  used=11114055  free=146745201  disk=71%
09:48:59  used=11114057  free=145720871  disk=71%
09:49:59  used=11114065  free=141613103  disk=71%
09:50:59  used=11114068  free=140578692  disk=71%
09:51:59  used=11114207  free=139388857  disk=71%
09:52:59  used=11114216  free=136789976  disk=71%
09:53:59  used=11114223  free=133739017  disk=71%
09:54:59  used=11114237  free=131124843  disk=71%
09:55:59  used=11114243  free=128569981  disk=71%
09:56:59  used=11114259  free=123887029  disk=71%
09:57:59  used=11114264  free=121303224  disk=71%
09:59:00  used=11114272  free=119808520  disk=71%
10:00:00  used=11114274  free=118315270  disk=71%
10:01:00  used=11114279  free=115748417  disk=71%
10:02:00  used=11114282  free=114196878  disk=71%
10:03:00  used=11114286  free=112152274  disk=71%
10:04:00  used=11114288  free=111131480  disk=71%
10:05:00  used=11114293  free=108546403  disk=71%
10:06:00  used=11114295  free=107503329  disk=71%
10:07:00  used=11114297  free=106458975  disk=71%
10:08:00  used=11114299  free=105420637  disk=71%
10:09:00  used=11114301  free=104411267  disk=71%
10:10:00  used=11114646  free=102821321  disk=71%
10:11:00  used=11114962  free=101833990  disk=71%
10:12:00  used=11114781  free=101368507  disk=71%
10:13:00  used=11114783  free=100362585  disk=71%
10:14:00  used=11114789  free=97286835  disk=71%
10:15:00  used=11114790  free=96769138  disk=71%
10:16:00  used=11114792  free=95762016  disk=71%
10:17:00  used=11114795  free=94283021  disk=71%
10:18:00  used=11114800  free=89550136  disk=71%
10:19:00  used=11114803  free=88014861  disk=71%
10:20:00  used=11114804  free=87520620  disk=71%
10:21:00  used=11114806  free=86484922  disk=71%
10:22:00  used=11114808  free=85453360  disk=71%
10:23:00  used=11114811  free=83891893  disk=71%
10:24:00  used=11114817  free=80797655  disk=71%
10:25:00  used=11114821  free=78727595  disk=71%
10:26:00  used=11114829  free=74706491  disk=71%
10:27:00  used=11114829  free=74709515  disk=71%
10:28:00  used=11114831  free=73713073  disk=71%
10:29:00  used=11114832  free=73198736  disk=71%
10:30:00  used=11114834  free=72175054  disk=71%
10:31:00  used=11114838  free=70144930  disk=71%
10:32:00  used=11114840  free=69125472  disk=71%
10:33:00  used=11114842  free=68100078  disk=71%
10:34:00  used=11114844  free=67074268  disk=71%
10:35:00  used=11114845  free=66561931  disk=71%
10:36:00  used=11114846  free=66049410  disk=71%
10:37:01  used=11114849  free=64501007  disk=71%
10:38:01  used=11114852  free=62947180  disk=71%
10:39:01  used=11114857  free=60361015  disk=71%
10:40:01  used=11115778  free=59808686  disk=71%
10:41:01  used=11115780  free=58774692  disk=71%
10:42:01  used=11115782  free=57771530  disk=71%
10:43:01  used=11115796  free=56186012  disk=71%
10:44:01  used=11115801  free=54139583  disk=71%
10:45:01  used=11115798  free=53621666  disk=71%
10:46:01  used=11115799  free=53100809  disk=71%
10:47:01  used=11115803  free=51021245  disk=71%
10:48:01  used=11115805  free=49997371  disk=71%
10:49:01  used=11115811  free=47952061  disk=71%
10:50:01  used=11115815  free=45901369  disk=71%
10:51:01  used=11115818  free=44383942  disk=71%
10:52:01  used=11115823  free=42445409  disk=71%
10:53:01  used=11115826  free=40461718  disk=71%
10:54:01  used=11115828  free=39446108  disk=71%
10:55:01  used=11115834  free=36542838  disk=71%
10:56:01  used=11115837  free=35019819  disk=71%
10:57:01  used=11115839  free=33973281  disk=71%
10:58:01  used=11115840  free=33451592  disk=71%
10:59:01  used=11115842  free=32415246  disk=72%
11:00:01  used=11115844  free=31420372  disk=72%
11:01:01  used=11115847  free=29998209  disk=72%
11:02:01  used=11115852  free=27508676  disk=72%
11:03:01  used=11115855  free=25913841  disk=72%
11:04:01  used=11115857  free=24874343  disk=72%
11:05:01  used=11115859  free=23847493  disk=72%
11:06:01  used=11115861  free=22790875  disk=72%
11:07:01  used=11115862  free=22263322  disk=72%
11:08:01  used=11115863  free=21730345  disk=72%
11:09:01  used=11115871  free=17465697  disk=72%
11:10:01  used=11115876  free=14828780  disk=72%
11:11:01  used=11115881  free=12427647  disk=72%
11:12:01  used=11115883  free=11190309  disk=72%
11:13:01  used=11115883  free=11192517  disk=72%
11:14:01  used=11115883  free=11192885  disk=72%
11:15:01  used=11115883  free=11193741  disk=72%
11:16:02  used=11115883  free=11193781  disk=72%
11:17:02  used=11115883  free=11193781  disk=72%
11:18:02  used=11115883  free=11193781  disk=72%
11:19:02  used=11115883  free=11193837  disk=72%
11:20:02  used=11115883  free=11193781  disk=72%
11:21:02  used=11115883  free=11193781  disk=72%
11:22:02  used=11115883  free=11193781  disk=72%
11:23:02  used=11115883  free=11193781  disk=72%
11:24:02  used=11115883  free=11192717  disk=72%
11:25:02  used=11115883  free=11192789  disk=72%
11:26:02  used=11115883  free=11192789  disk=72%
11:27:02  used=11115883  free=11192757  disk=72%
11:28:02  used=11115883  free=11192757  disk=72%
11:29:02  used=11115883  free=11192757  disk=72%
11:30:02  used=11115883  free=11192717  disk=72%
11:31:02  used=11115883  free=11192717  disk=72%
11:32:02  used=11115883  free=11192717  disk=72%
11:33:02  used=11115883  free=11192717  disk=72%
11:34:02  used=11115883  free=11191693  disk=72%
11:35:02  used=11115883  free=11191693  disk=72%
11:36:02  used=11115883  free=11191725  disk=72%
11:37:02  used=11115883  free=11191725  disk=72%
11:38:02  used=11115883  free=11191725  disk=72%
11:39:02  used=11115883  free=11192725  disk=72%
11:40:02  used=11115883  free=11192725  disk=72%
11:41:02  used=11115883  free=11190701  disk=72%
11:42:02  used=11115883  free=11190701  disk=72%
11:43:02  used=11115883  free=11190701  disk=72%
11:44:02  used=11115883  free=11190701  disk=72%
11:45:02  used=11115883  free=11190701  disk=72%
11:46:02  used=11115885  free=6997371  disk=72%
11:47:02  used=11115883  free=11190701  disk=72%
11:48:02  used=11115883  free=11190701  disk=72%
11:49:02  used=11115883  free=11190701  disk=72%
11:50:02  used=11115883  free=11190701  disk=72%
11:51:02  used=11115883  free=11190701  disk=72%
11:52:02  used=11115883  free=11190701  disk=72%
11:53:02  used=11115883  free=11191645  disk=72%
11:54:02  used=11115883  free=11190701  disk=72%
11:55:03  used=11115883  free=11190669  disk=72%
11:56:03  used=11115883  free=11190669  disk=72%
11:57:03  used=11115883  free=11190669  disk=72%
11:58:03  used=11115883  free=11189645  disk=72%
11:59:03  used=11115883  free=11190565  disk=72%
12:00:03  used=11115883  free=11190565  disk=72%
12:01:03  used=11115883  free=11189645  disk=72%
12:02:03  used=11115883  free=11189645  disk=72%
12:03:03  used=11115883  free=11189645  disk=72%
12:04:03  used=11115883  free=11189645  disk=72%
12:05:03  used=11115883  free=11189645  disk=72%
12:06:03  used=11115883  free=11190557  disk=72%
12:07:03  used=11115883  free=11190557  disk=72%
12:08:03  used=11115883  free=11189669  disk=72%
12:09:03  used=11115883  free=11189669  disk=72%
12:10:03  used=11115883  free=11189669  disk=72%
12:11:03  used=11115883  free=11189669  disk=72%
12:12:03  used=11115883  free=11189669  disk=72%
12:13:03  used=11115883  free=11190533  disk=72%
12:14:03  used=11115883  free=11189669  disk=72%
12:15:03  used=11115883  free=11188621  disk=72%
12:16:03  used=11115883  free=11188621  disk=72%
12:17:03  used=11115883  free=11188621  disk=72%
12:18:03  used=11115883  free=11188621  disk=72%
12:19:03  used=11115883  free=11189453  disk=72%
12:20:03  used=11115883  free=11189453  disk=72%
12:21:03  used=11115883  free=11188637  disk=72%
12:22:03  used=11115883  free=11188629  disk=72%
12:23:03  used=11115883  free=11188629  disk=72%
12:24:03  used=11115883  free=11188629  disk=72%
12:25:03  used=11115883  free=11188629  disk=72%
12:26:03  used=11115883  free=11188629  disk=72%
12:27:03  used=11115883  free=11189437  disk=72%
12:28:03  used=11115883  free=11188629  disk=72%
12:29:03  used=11115883  free=11188629  disk=72%
12:30:04  used=11115883  free=11188629  disk=72%
12:31:04  used=11115883  free=11188629  disk=72%
12:32:04  used=11115883  free=11187605  disk=72%
12:33:04  used=11115883  free=11188381  disk=72%
12:34:04  used=11115883  free=11188381  disk=72%
12:35:04  used=11115883  free=11187605  disk=72%
12:36:04  used=11115883  free=11187605  disk=72%
12:37:04  used=11115883  free=11187605  disk=72%
12:38:04  used=11115883  free=11187605  disk=72%
12:39:04  used=11115883  free=11187605  disk=72%
12:40:04  used=11115883  free=11188341  disk=72%
12:41:04  used=11115883  free=11187589  disk=72%
12:42:04  used=11115883  free=11187589  disk=72%
12:43:04  used=11115883  free=11187589  disk=72%
12:44:04  used=11115883  free=11187589  disk=72%
12:45:04  used=11115883  free=11187589  disk=72%
12:46:04  used=11115883  free=11187597  disk=72%
12:47:04  used=11115883  free=11188317  disk=72%
12:48:04  used=11115883  free=11187597  disk=72%
12:49:04  used=11115883  free=11186573  disk=72%
12:50:04  used=11115883  free=11186573  disk=72%
12:51:04  used=11115883  free=11186573  disk=72%
12:52:04  used=11115899  free=11111213  disk=72%
12:53:04  used=11115899  free=11111949  disk=72%
12:54:04  used=11115924  free=10810812  disk=72%
12:55:04  used=11115924  free=10811580  disk=72%
12:56:04  used=11115924  free=10811580  disk=72%
12:57:04  used=11115924  free=10811580  disk=72%
12:58:04  used=11115924  free=10811580  disk=72%
12:59:04  used=11115924  free=10811580  disk=72%
13:00:04  used=11115924  free=10812252  disk=72%
13:01:04  used=11115924  free=10812252  disk=72%
13:02:04  used=11115924  free=10811580  disk=72%
13:03:05  used=11115924  free=10811580  disk=72%
13:04:05  used=11115924  free=10811580  disk=72%
13:05:05  used=11115924  free=10811572  disk=72%
13:06:05  used=11115924  free=10810548  disk=72%
13:07:05  used=11115924  free=10811188  disk=72%
13:08:05  used=11115924  free=10810548  disk=72%
13:09:05  used=11115924  free=10810548  disk=72%
13:10:05  used=11115924  free=10810548  disk=72%
13:11:05  used=11115924  free=10810548  disk=72%
13:12:05  used=11115924  free=10810548  disk=72%
13:13:05  used=11115924  free=10810548  disk=72%
13:14:05  used=11115924  free=10811164  disk=72%
13:15:05  used=11115924  free=10810548  disk=72%
13:16:05  used=11115924  free=10810548  disk=72%
13:17:05  used=11115924  free=10810548  disk=72%
13:18:05  used=11115924  free=10810548  disk=72%
13:19:05  used=11115924  free=10810548  disk=72%
13:20:05  used=11115924  free=10811132  disk=72%
13:21:05  used=11115924  free=10811132  disk=72%
13:22:05  used=11115924  free=10809484  disk=72%
13:23:05  used=11115924  free=10809524  disk=72%
13:24:05  used=11115924  free=10809524  disk=72%
13:25:05  used=11115924  free=10809524  disk=72%
13:26:05  used=11115924  free=10809524  disk=72%
13:27:05  used=11115924  free=10810084  disk=72%
13:28:05  used=11115924  free=10810084  disk=72%
13:29:05  used=11115924  free=10809524  disk=72%
13:30:05  used=11115924  free=10809396  disk=72%
13:31:05  used=11115924  free=10809396  disk=72%
13:32:05  used=11115924  free=10809396  disk=72%
13:33:05  used=11115924  free=10809396  disk=72%
13:34:05  used=11115924  free=10809924  disk=72%
13:35:05  used=11115924  free=10809396  disk=72%
13:36:05  used=11115924  free=10809396  disk=72%
13:37:06  used=11115924  free=10809396  disk=72%
13:38:06  used=11115924  free=10809356  disk=72%
13:39:06  used=11115924  free=10808332  disk=72%
13:40:06  used=11115924  free=10808820  disk=72%
13:41:06  used=11115924  free=10808980  disk=72%
13:42:06  used=11115924  free=10808484  disk=72%
13:43:06  used=11115924  free=10808484  disk=72%
13:44:06  used=11115924  free=10808484  disk=72%
13:45:06  used=11115921  free=10808503  disk=72%
13:46:06  used=11115921  free=10808495  disk=72%
13:47:06  used=11115921  free=10808959  disk=72%
13:48:06  used=11115921  free=10808959  disk=72%
13:49:06  used=11115921  free=10808495  disk=72%
13:50:06  used=11116098  free=10775454  disk=72%
13:51:06  used=11116104  free=10775376  disk=72%
13:52:06  used=11115920  free=10808392  disk=72%
13:53:06  used=11115920  free=10808392  disk=72%
13:54:06  used=11115920  free=10808832  disk=72%
13:55:06  used=11115920  free=10808352  disk=72%
13:56:06  used=11115920  free=10807472  disk=72%
13:57:06  used=11115920  free=10807472  disk=72%
13:58:06  used=11115920  free=10807472  disk=72%
13:59:06  used=11115920  free=10807472  disk=72%
14:00:06  used=11115920  free=10807472  disk=72%
14:01:06  used=11115920  free=10807888  disk=72%
14:02:06  used=11115920  free=10807472  disk=72%
14:03:06  used=11115920  free=10807472  disk=72%
14:04:06  used=11115920  free=10807472  disk=72%
14:05:06  used=11115920  free=10807472  disk=72%
14:06:06  used=11115920  free=10807472  disk=72%
14:07:06  used=11115920  free=10807472  disk=72%
14:08:06  used=11115920  free=10807856  disk=72%
14:09:06  used=11115926  free=10806850  disk=72%
14:10:07  used=11115931  free=10806829  disk=72%
14:11:07  used=11115931  free=10806829  disk=72%
14:12:07  used=11115931  free=10806829  disk=72%
14:13:07  used=11115931  free=10805805  disk=72%
14:14:07  used=11115931  free=10806157  disk=72%
14:15:07  used=11115931  free=10806157  disk=72%
14:16:07  used=11115931  free=10805805  disk=72%
14:17:07  used=11115931  free=10805805  disk=72%
14:18:07  used=11115931  free=10805805  disk=72%
14:19:07  used=11115931  free=10805805  disk=72%
14:20:07  used=11115931  free=10805805  disk=72%
14:21:07  used=11115931  free=10806133  disk=72%
14:22:07  used=11115931  free=10805765  disk=72%
14:23:07  used=11115931  free=10805805  disk=72%
14:24:07  used=11115931  free=10805805  disk=72%
14:25:07  used=11115931  free=10805805  disk=72%
14:26:07  used=11115931  free=10805805  disk=72%
14:27:07  used=11115931  free=10805805  disk=72%
14:28:07  used=11115931  free=10806109  disk=72%
14:29:07  used=11115931  free=10805805  disk=72%
14:30:07  used=11115931  free=10804781  disk=72%
14:31:07  used=11115931  free=10804781  disk=72%
14:32:07  used=11115931  free=10804781  disk=72%
14:33:07  used=11115931  free=10804781  disk=72%
14:34:07  used=11115931  free=10805053  disk=72%
14:35:07  used=11115931  free=10805053  disk=72%
14:36:07  used=11115931  free=10804781  disk=72%
14:37:07  used=11115931  free=10804781  disk=72%
14:38:07  used=11115931  free=10804781  disk=72%
14:39:07  used=11115931  free=10804781  disk=72%
14:40:07  used=11115931  free=10804781  disk=72%
14:41:07  used=11115931  free=10805029  disk=72%
14:42:07  used=11115931  free=10805029  disk=72%
14:43:07  used=11115931  free=10804781  disk=72%
14:44:08  used=11115931  free=10804781  disk=72%
14:45:08  used=11115931  free=10804781  disk=72%
14:46:08  used=11115931  free=10804781  disk=72%
14:47:08  used=11115931  free=10803757  disk=72%
14:48:08  used=11115931  free=10803981  disk=72%
14:49:08  used=11115931  free=10803717  disk=72%
14:50:08  used=11115931  free=10803757  disk=72%
14:51:08  used=11115931  free=10803757  disk=72%
14:52:08  used=11115931  free=10803757  disk=72%
14:53:08  used=11115931  free=10803757  disk=72%
14:54:08  used=11115931  free=10803949  disk=72%
14:55:08  used=11115931  free=10803949  disk=72%
14:56:08  used=11115931  free=10803757  disk=72%
14:57:08  used=11115931  free=10803757  disk=72%
14:58:08  used=11115931  free=10803757  disk=72%
14:59:08  used=11115931  free=10803757  disk=72%
15:00:08  used=11115931  free=10803757  disk=72%
15:01:08  used=11115931  free=10803757  disk=72%
15:02:08  used=11115931  free=10803925  disk=72%
15:03:08  used=11116273  free=10767359  disk=72%
15:04:08  used=11115931  free=10802733  disk=72%
15:05:08  used=11115931  free=10802733  disk=72%
15:06:08  used=11115931  free=10802733  disk=72%
15:07:08  used=11115931  free=10802733  disk=72%
15:08:08  used=11115931  free=10802869  disk=72%
15:09:08  used=11115931  free=10802861  disk=72%
15:10:08  used=11115931  free=10802725  disk=72%
15:11:08  used=11115931  free=10802725  disk=72%
15:12:08  used=11115931  free=10802725  disk=72%
15:13:08  used=11115931  free=10802725  disk=72%
15:14:08  used=11115931  free=10802725  disk=72%
15:15:08  used=11115931  free=10802837  disk=72%
15:16:08  used=11115933  free=10802683  disk=72%
15:17:09  used=11115933  free=10802723  disk=72%
15:18:09  used=11115933  free=10802723  disk=72%
15:19:09  used=11115933  free=10802723  disk=72%
15:20:09  used=11115933  free=10801699  disk=72%
15:21:09  used=11115933  free=10801699  disk=72%
15:22:09  used=11115933  free=10801787  disk=72%
15:23:09  used=11115933  free=10801699  disk=72%
15:24:09  used=11115933  free=10801699  disk=72%
15:25:09  used=11115933  free=10801699  disk=72%
15:26:09  used=11115933  free=10801699  disk=72%
15:27:09  used=11115933  free=10801699  disk=72%
15:28:09  used=11115933  free=10801755  disk=72%
15:29:09  used=11115933  free=10801755  disk=72%
15:30:09  used=11115933  free=10801699  disk=72%
15:31:09  used=11115933  free=10801699  disk=72%
15:32:09  used=11115933  free=10801699  disk=72%
15:33:09  used=11115933  free=10801699  disk=72%
15:34:09  used=11115933  free=10801699  disk=72%
15:35:09  used=11115933  free=10801731  disk=72%
15:36:09  used=11115933  free=10801731  disk=72%
15:37:09  used=11115933  free=10800635  disk=72%
15:38:09  used=11115933  free=10800675  disk=72%
15:39:09  used=11115933  free=10800675  disk=72%
15:40:09  used=11115933  free=10800675  disk=72%
15:41:09  used=11115933  free=10800675  disk=72%
15:42:09  used=11115933  free=10800675  disk=72%
15:43:09  used=11115933  free=10799611  disk=72%
15:44:09  used=11115933  free=10799651  disk=72%
15:45:09  used=11115933  free=10799651  disk=72%
15:46:09  used=11115933  free=10799651  disk=72%
15:47:09  used=11115933  free=10799651  disk=72%
15:48:09  used=11115933  free=10799651  disk=72%
15:49:09  used=11115933  free=10800651  disk=72%
15:50:09  used=11115933  free=10799651  disk=72%
15:51:10  used=11115933  free=10799651  disk=72%
15:52:10  used=11115933  free=10799651  disk=72%
15:53:10  used=11115933  free=10799651  disk=72%
15:54:10  used=11115933  free=10798627  disk=72%
15:55:10  used=11115933  free=10798627  disk=72%
15:56:10  used=11115933  free=10799603  disk=72%
15:57:10  used=11115933  free=10798627  disk=72%
15:58:10  used=11115933  free=10798627  disk=72%
15:59:10  used=11115933  free=10798627  disk=72%
16:00:10  used=11115933  free=10798627  disk=72%
16:01:10  used=11115933  free=10798627  disk=72%
16:02:10  used=11115933  free=10799571  disk=72%
16:03:10  used=11115933  free=10799571  disk=72%
16:04:10  used=11115933  free=10798627  disk=72%
16:05:10  used=11115933  free=10798627  disk=72%
16:06:10  used=11115933  free=10798627  disk=72%
16:07:10  used=11116274  free=10762430  disk=72%
16:08:10  used=11115933  free=10798627  disk=72%
16:09:10  used=11115933  free=10799547  disk=72%
16:10:10  used=11115933  free=10798587  disk=72%
16:11:10  used=11115933  free=10797603  disk=72%
16:12:10  used=11115933  free=10797603  disk=72%
16:13:10  used=11115933  free=10797603  disk=72%
16:14:10  used=11115933  free=10797603  disk=72%
16:15:10  used=11115933  free=10797603  disk=72%
16:16:10  used=11115933  free=10798491  disk=72%
16:17:10  used=11115933  free=10797603  disk=72%
16:18:10  used=11115933  free=10797603  disk=72%
16:19:10  used=11115933  free=10797603  disk=72%
16:20:10  used=11115933  free=10797603  disk=72%
16:21:10  used=11115933  free=10797603  disk=72%
16:22:10  used=11115933  free=10798467  disk=72%
16:23:10  used=11115933  free=10798427  disk=72%
16:24:11  used=11115933  free=10797603  disk=72%
16:25:11  used=11115933  free=10797603  disk=72%
16:26:11  used=11115933  free=10797603  disk=72%
16:27:11  used=11115933  free=10797603  disk=72%
16:28:11  used=11115933  free=10796579  disk=72%
16:29:11  used=11115933  free=10797411  disk=72%
16:30:11  used=11115933  free=10797411  disk=72%
16:31:11  used=11115933  free=10796579  disk=72%
16:32:11  used=11115933  free=10796579  disk=72%
16:33:11  used=11115933  free=10796571  disk=72%
16:34:11  used=11115933  free=10796571  disk=72%
16:35:11  used=11115933  free=10796571  disk=72%
16:36:11  used=11115933  free=10797379  disk=72%
16:37:11  used=11115933  free=10796571  disk=72%
16:38:11  used=11115933  free=10796571  disk=72%
16:39:11  used=11115933  free=10796571  disk=72%
16:40:11  used=11115933  free=10796571  disk=72%
16:41:11  used=11115933  free=10796571  disk=72%
16:42:11  used=11115933  free=10796571  disk=72%
16:43:11  used=11115933  free=10797355  disk=72%
16:44:11  used=11115933  free=10796571  disk=72%
16:45:11  used=11115933  free=10795547  disk=72%
16:46:11  used=11115933  free=10795547  disk=72%
16:47:11  used=11115933  free=10795547  disk=72%
16:48:11  used=11115933  free=10795547  disk=72%
16:49:11  used=11115933  free=10795547  disk=72%
16:50:11  used=11115933  free=10796259  disk=72%
16:51:11  used=11115933  free=10795547  disk=72%
16:52:11  used=11115933  free=10795547  disk=72%
16:53:11  used=11115935  free=10795545  disk=72%
16:54:11  used=11115957  free=10123627  disk=72%
16:55:11  used=11115957  free=10123707  disk=72%
16:56:11  used=11116150  free=10090738  disk=72%
16:57:11  used=11116168  free=10028200  disk=72%
16:58:12  used=11115971  free=10061197  disk=72%
16:59:12  used=11115966  free=10061866  disk=72%
17:00:12  used=11115966  free=10061866  disk=72%
17:01:12  used=11115966  free=10061970  disk=72%
17:02:12  used=11115973  free=10003723  disk=72%
17:03:12  used=11115973  free=10004427  disk=72%
17:04:12  used=11115969  free=10003735  disk=72%
17:05:12  used=11115969  free=10003735  disk=72%
17:06:12  used=11115969  free=10003735  disk=72%
17:07:12  used=11115994  free=10003782  disk=72%
17:08:12  used=11116342  free=9967482  disk=72%
17:09:12  used=11116360  free=9967184  disk=72%
17:10:12  used=11116008  free=10004232  disk=72%
17:11:12  used=11116008  free=10003560  disk=72%
17:12:12  used=11116008  free=10003560  disk=72%
17:13:12  used=11116008  free=10003560  disk=72%
17:14:12  used=11116008  free=10003536  disk=72%
17:15:12  used=11116019  free=9948677  disk=72%
17:16:12  used=11116020  free=9425412  disk=72%
17:17:12  used=11116025  free=7847575  disk=72%
17:18:12  used=11116030  free=5296874  disk=72%
17:19:12  used=11116034  free=3182094  disk=72%
17:20:12  used=11116035  free=2657373  disk=72%
17:21:12  used=11116035  free=2661429  disk=72%
17:22:12  used=11116035  free=2661429  disk=72%
17:23:12  used=11116035  free=2662053  disk=72%
17:24:12  used=11116523  free=2601885  disk=72%
17:25:12  used=11116035  free=2661429  disk=72%
17:26:12  used=11116035  free=2661749  disk=72%
17:27:12  used=11116035  free=2661749  disk=72%
17:28:12  used=11116035  free=2661749  disk=72%
17:29:12  used=11116209  free=2628767  disk=72%
17:30:12  used=11116035  free=2662325  disk=72%
17:31:12  used=11116035  free=2661733  disk=72%
17:32:12  used=11116035  free=2661725  disk=72%
17:33:13  used=11116036  free=2661724  disk=72%
17:34:13  used=11116036  free=2661580  disk=72%
17:35:13  used=11116036  free=2660516  disk=72%
17:36:13  used=11116036  free=2660556  disk=72%
17:37:13  used=11116036  free=2661124  disk=72%
17:38:13  used=11116036  free=2660556  disk=72%
17:39:13  used=11116036  free=2660660  disk=72%
17:40:13  used=11116036  free=2660660  disk=72%
17:41:13  used=11116036  free=2660660  disk=72%
17:42:13  used=11116036  free=2660660  disk=72%
17:43:13  used=11116036  free=2661204  disk=72%
17:44:13  used=11116036  free=2660948  disk=72%
17:45:13  used=11116036  free=2660404  disk=72%
17:46:13  used=11116036  free=2660404  disk=72%
17:47:13  used=11116036  free=2660404  disk=72%
17:48:13  used=11116036  free=2660404  disk=72%
17:49:13  used=11116036  free=2660620  disk=72%
17:50:13  used=11116036  free=2661132  disk=72%
17:51:13  used=11116036  free=2661132  disk=72%
17:52:13  used=11116036  free=2659596  disk=72%
17:53:13  used=11116036  free=2659596  disk=72%
17:54:13  used=11116036  free=2659380  disk=72%
17:55:13  used=11116036  free=2659380  disk=72%
17:56:13  used=11116036  free=2659380  disk=72%
17:57:13  used=11116036  free=2659860  disk=72%
17:58:13  used=11116226  free=2625854  disk=72%
17:59:13  used=11116231  free=2625769  disk=72%
18:00:13  used=11116036  free=2659372  disk=72%
18:01:13  used=11116036  free=2659372  disk=72%
18:02:13  used=11116036  free=2659372  disk=72%
18:03:13  used=11116036  free=2659372  disk=72%
18:04:13  used=11116036  free=2660012  disk=72%
18:05:13  used=11116036  free=2659556  disk=72%
18:06:13  used=11116055  free=2657953  disk=72%
18:07:14  used=11116058  free=2646862  disk=72%
18:08:14  used=11116058  free=2646862  disk=72%
18:09:14  used=11116404  free=2609492  disk=72%
18:10:14  used=11116058  free=2646270  disk=72%
18:11:14  used=11116058  free=2646270  disk=72%
18:12:14  used=11116058  free=2645950  disk=72%
18:13:14  used=11116058  free=2645950  disk=72%
18:14:14  used=11116058  free=2645950  disk=72%
18:15:14  used=11116058  free=2645950  disk=72%
18:16:14  used=11116058  free=2645950  disk=72%
18:17:14  used=11116058  free=2646358  disk=72%
18:18:14  used=11116058  free=2646358  disk=72%
18:19:14  used=11116058  free=2645950  disk=72%
18:20:14  used=11116058  free=2645950  disk=72%
18:21:14  used=11116058  free=2645870  disk=72%
18:22:14  used=11116058  free=2645870  disk=72%
18:23:14  used=11116058  free=2645870  disk=72%
18:24:14  used=11116058  free=2646246  disk=72%
18:25:14  used=11116058  free=2645870  disk=72%
18:26:14  used=11116058  free=2644918  disk=72%
18:27:14  used=11116058  free=2644918  disk=72%
18:28:14  used=11116058  free=2644918  disk=72%
18:29:14  used=11116058  free=2644918  disk=72%
18:30:14  used=11116058  free=2644918  disk=72%
18:31:14  used=11116058  free=2645270  disk=72%
18:32:14  used=11116058  free=2644918  disk=72%
18:33:14  used=11116058  free=2644918  disk=72%
18:34:14  used=11116058  free=2644918  disk=72%
18:35:14  used=11116058  free=2644918  disk=72%
18:36:14  used=11116058  free=2644918  disk=72%
18:37:14  used=11116058  free=2645238  disk=72%
18:38:14  used=11116058  free=2645238  disk=72%
18:39:14  used=11116058  free=2644918  disk=72%
18:40:14  used=11116058  free=2644918  disk=72%
18:41:15  used=11116058  free=2644846  disk=72%
18:42:15  used=11116062  free=2637506  disk=72%
18:43:15  used=11116065  free=2533215  disk=72%
18:44:15  used=11116065  free=2533511  disk=72%
18:45:15  used=11116065  free=2533511  disk=72%
18:46:15  used=11116065  free=2533279  disk=72%
18:47:15  used=11116065  free=2533311  disk=72%
18:48:15  used=11116065  free=2533311  disk=72%
18:49:15  used=11116065  free=2533311  disk=72%
18:50:15  used=11116065  free=2533311  disk=72%
18:51:15  used=11116065  free=2533583  disk=72%
18:52:15  used=11116065  free=2533311  disk=72%
18:53:15  used=11116065  free=2533311  disk=72%
18:54:15  used=11116065  free=2533311  disk=72%
18:55:15  used=11116065  free=2533311  disk=72%
18:56:15  used=11116065  free=2533311  disk=72%
18:57:15  used=11116065  free=2533551  disk=72%
18:58:15  used=11116065  free=2533551  disk=72%
18:59:15  used=11116256  free=2499760  disk=72%
19:00:15  used=11116065  free=2532279  disk=72%
19:01:15  used=11116065  free=2532279  disk=72%
19:02:15  used=11116065  free=2532279  disk=72%
19:03:15  used=11116065  free=2532279  disk=72%
19:04:15  used=11116065  free=2532279  disk=72%
19:05:15  used=11116065  free=2532495  disk=72%
19:06:15  used=11116065  free=2532215  disk=72%
19:07:15  used=11116065  free=2532215  disk=72%
19:08:15  used=11116065  free=2532215  disk=72%
19:09:15  used=11116065  free=2532215  disk=72%
19:10:15  used=11116065  free=2532215  disk=72%
19:11:15  used=11116065  free=2532463  disk=72%
19:12:15  used=11116065  free=2532463  disk=72%
19:13:15  used=11116065  free=2532271  disk=72%
19:14:15  used=11116065  free=2532271  disk=72%
19:15:16  used=11116406  free=2496074  disk=72%
19:16:16  used=11116065  free=2531247  disk=72%
19:17:16  used=11116065  free=2531247  disk=72%
19:18:16  used=11116065  free=2531407  disk=72%
19:19:16  used=11116065  free=2531247  disk=72%
19:20:16  used=11116065  free=2531247  disk=72%
19:21:16  used=11116065  free=2531247  disk=72%
19:22:16  used=11116065  free=2531247  disk=72%
19:23:16  used=11116065  free=2531119  disk=72%
19:24:16  used=11116065  free=2531119  disk=72%
19:25:16  used=11116065  free=2531255  disk=72%
19:26:16  used=11116065  free=2531119  disk=72%
19:27:16  used=11116065  free=2531119  disk=72%
19:28:16  used=11116065  free=2531239  disk=72%
19:29:16  used=11116065  free=2531239  disk=72%
19:30:16  used=11116238  free=2494322  disk=72%
19:31:16  used=11116239  free=2490105  disk=72%
19:32:16  used=11116239  free=2490145  disk=72%
19:33:16  used=11116239  free=2488977  disk=72%
19:34:16  used=11116239  free=2489017  disk=72%
19:35:16  used=11116239  free=2489017  disk=72%
19:36:16  used=11116239  free=2489065  disk=72%
19:37:16  used=11116239  free=2489065  disk=72%
19:38:16  used=11116239  free=2489145  disk=72%
19:39:16  used=11116239  free=2489145  disk=72%
19:40:16  used=11116239  free=2489065  disk=72%
19:41:16  used=11116239  free=2489065  disk=72%
19:42:16  used=11116239  free=2489065  disk=72%
19:43:16  used=11116239  free=2489065  disk=72%
19:44:16  used=11116239  free=2489065  disk=72%
19:45:16  used=11116239  free=2489121  disk=72%
19:46:16  used=11116239  free=2489065  disk=72%
19:47:16  used=11116240  free=2485184  disk=72%
19:48:16  used=11116241  free=2481279  disk=72%
19:49:17  used=11116243  free=2473485  disk=72%
19:50:17  used=11116245  free=2464715  disk=72%
19:51:17  used=11116245  free=2464827  disk=72%
19:52:17  used=11116245  free=2464827  disk=72%
19:53:17  used=11116245  free=2464803  disk=72%
19:54:17  used=11116245  free=2464803  disk=72%
19:55:17  used=11116441  free=2412119  disk=72%
19:56:17  used=11116420  free=2431980  disk=72%
19:57:17  used=11116420  free=2432060  disk=72%
19:58:17  used=11116420  free=2432060  disk=72%
19:59:17  used=11116842  free=2412798  disk=72%
20:00:17  used=11116871  free=2416801  disk=72%
20:01:17  used=11116887  free=2278809  disk=72%
20:02:17  used=11116899  free=2270733  disk=72%
20:03:17  used=11116903  free=2270353  disk=72%
20:04:17  used=11116903  free=2270297  disk=72%
20:05:17  used=11116903  free=2271233  disk=72%
20:06:17  used=11116905  free=2265559  disk=72%
20:07:17  used=11116157  free=2461811  disk=72%
20:08:17  used=11116148  free=2496332  disk=72%
20:09:17  used=11116191  free=2493369  disk=72%
20:10:17  used=11116867  free=2432261  disk=72%
20:11:17  used=11116868  free=2429180  disk=72%
20:12:17  used=11116869  free=2426355  disk=72%
20:13:17  used=11116869  free=2426227  disk=72%
20:14:17  used=11116857  free=2088079  disk=72%
20:15:17  used=11116857  free=2088079  disk=72%
20:16:17  used=11116857  free=2088079  disk=72%
20:17:17  used=11116857  free=2089119  disk=72%
20:18:17  used=11116857  free=2088167  disk=72%
20:19:17  used=11116857  free=2088167  disk=72%
20:20:17  used=11116857  free=2088167  disk=72%
20:21:17  used=11116857  free=2088127  disk=72%
20:22:17  used=11117431  free=2755009  disk=72%
20:23:17  used=11117446  free=2769490  disk=72%
20:24:17  used=11117446  free=2768466  disk=72%
20:25:17  used=11117446  free=2767546  disk=72%
20:26:18  used=11117446  free=2767578  disk=72%
20:27:18  used=11117446  free=2767578  disk=72%
20:28:18  used=11117446  free=2767578  disk=72%
20:29:18  used=11117446  free=2767578  disk=72%
20:30:18  used=11117446  free=2768474  disk=72%
20:31:18  used=11117446  free=2767578  disk=72%
20:32:18  used=11117446  free=2767578  disk=72%
20:33:18  used=11117446  free=2767578  disk=72%
20:34:18  used=11117446  free=2767578  disk=72%
20:35:18  used=11117446  free=2767578  disk=72%
20:36:18  used=11117446  free=2767578  disk=72%
20:37:18  used=11117446  free=2768450  disk=72%
20:38:18  used=11117446  free=2767578  disk=72%
20:39:18  used=11117446  free=2767578  disk=72%
20:40:18  used=11117446  free=2767578  disk=72%
20:41:18  used=11117446  free=2766554  disk=72%
20:42:18  used=11117446  free=2766554  disk=72%
20:43:18  used=11117446  free=2767394  disk=72%
20:44:18  used=11117446  free=2767394  disk=72%
20:45:18  used=11117448  free=2761064  disk=72%
20:46:18  used=11117448  free=2761032  disk=72%
20:47:18  used=11117448  free=2761032  disk=72%
20:48:18  used=11117448  free=2760912  disk=72%
20:49:18  used=11117448  free=2760912  disk=72%
20:50:18  used=11117448  free=2761728  disk=72%
20:51:18  used=11117448  free=2761728  disk=72%
20:52:18  used=11117448  free=2760912  disk=72%
20:53:18  used=11117448  free=2760912  disk=72%
20:54:18  used=11117445  free=2760955  disk=72%
20:55:18  used=11117445  free=2760955  disk=72%
20:56:18  used=11117445  free=2760955  disk=72%
20:57:18  used=11117445  free=2760683  disk=72%
20:58:19  used=11117445  free=2760043  disk=72%
20:59:19  used=11117444  free=2760044  disk=72%
21:00:19  used=11117444  free=2760044  disk=72%
21:01:19  used=11117444  free=2760044  disk=72%
21:02:19  used=11117444  free=2760044  disk=72%
21:03:19  used=11117444  free=2760044  disk=72%
21:04:19  used=11117444  free=2760804  disk=72%
21:05:19  used=11117444  free=2760044  disk=72%
21:06:19  used=11117444  free=2760044  disk=72%
21:07:19  used=11117444  free=2760044  disk=72%
21:08:19  used=11117444  free=2760044  disk=72%
21:09:19  used=11117199  free=5226817  disk=72%
21:10:19  used=11117207  free=5217297  disk=72%
21:11:19  used=11117207  free=5217297  disk=72%
21:12:19  used=11117207  free=5216649  disk=72%
21:13:19  used=11117207  free=5216649  disk=72%
21:14:19  used=11117207  free=5215585  disk=72%
21:15:19  used=11117207  free=5215625  disk=72%
21:16:19  used=11117207  free=5215625  disk=72%
21:17:19  used=11117207  free=5216329  disk=72%
21:18:19  used=11117207  free=5216329  disk=72%
21:19:19  used=11117207  free=5215625  disk=72%
21:20:19  used=11117207  free=5215625  disk=72%
21:21:19  used=11117207  free=5215625  disk=72%
21:22:19  used=11117207  free=5215625  disk=72%
21:23:19  used=11117207  free=5215625  disk=72%
21:24:19  used=11116475  free=5372357  disk=72%
21:25:19  used=11116486  free=5365714  disk=72%
21:26:19  used=11116516  free=5225108  disk=72%
21:27:19  used=11116516  free=5225012  disk=72%
21:28:19  used=11116512  free=5225144  disk=72%
21:29:19  used=11116516  free=5224908  disk=72%
21:30:19  used=11116516  free=5224884  disk=72%
21:31:19  used=11116512  free=5224480  disk=72%
21:32:19  used=11116512  free=5223824  disk=72%
21:33:19  used=11116512  free=5223736  disk=72%
21:34:20  used=11116516  free=5223628  disk=72%
21:35:20  used=11116516  free=5223492  disk=72%
21:36:20  used=11116512  free=5223608  disk=72%
21:37:20  used=11116512  free=5224104  disk=72%
21:38:20  used=11116512  free=5223976  disk=72%
21:39:20  used=11116512  free=5223352  disk=72%
21:40:20  used=11116515  free=5222165  disk=72%
21:41:20  used=11116517  free=5222179  disk=72%
21:42:20  used=11116517  free=5222203  disk=72%
21:43:20  used=11116517  free=5222203  disk=72%
21:44:20  used=11116517  free=5223507  disk=72%
21:45:20  used=11115784  free=5417856  disk=72%
21:46:20  used=11115784  free=5417256  disk=72%
21:47:20  used=11115784  free=5417256  disk=72%
21:48:20  used=11115784  free=5416232  disk=72%
21:49:20  used=11115784  free=5416232  disk=72%
21:50:20  used=11115784  free=5416232  disk=72%
21:51:20  used=11115784  free=5416800  disk=72%
21:52:20  used=11115785  free=5416047  disk=72%
21:53:20  used=11115786  free=5415902  disk=72%
21:54:20  used=11115786  free=5415902  disk=72%
21:55:20  used=11115786  free=5415902  disk=72%
21:56:20  used=11115786  free=5416006  disk=72%
21:57:20  used=11115786  free=5416006  disk=72%
21:58:20  used=11115786  free=5416550  disk=72%
21:59:20  used=11115786  free=5416006  disk=72%
22:00:20  used=11115786  free=5416006  disk=72%
22:01:20  used=11115786  free=5415966  disk=72%
22:02:20  used=11115786  free=5416006  disk=72%
22:03:20  used=11115786  free=5416006  disk=72%
22:04:20  used=11115786  free=5416518  disk=72%
22:05:20  used=11115786  free=5415494  disk=72%
22:06:20  used=11115786  free=5414982  disk=72%
22:07:20  used=11115786  free=5414982  disk=72%
22:08:20  used=11115786  free=5414982  disk=72%
22:09:21  used=11115786  free=5414982  disk=72%
22:10:21  used=11115786  free=5414982  disk=72%
22:11:21  used=11115786  free=5415470  disk=72%
22:12:21  used=11115786  free=5414942  disk=72%
22:13:21  used=11115786  free=5414870  disk=72%
22:14:21  used=11115786  free=5414870  disk=72%
22:15:21  used=11115786  free=5414870  disk=72%
22:16:21  used=11115786  free=5414870  disk=72%
22:17:21  used=11115786  free=5414870  disk=72%
22:18:21  used=11115786  free=5415430  disk=72%
22:19:21  used=11115786  free=5414974  disk=72%
22:20:21  used=11115786  free=5414974  disk=72%
22:21:21  used=11115786  free=5414974  disk=72%
22:22:21  used=11115786  free=5413950  disk=72%
22:23:21  used=11115786  free=5413950  disk=72%
22:24:21  used=11115786  free=5414382  disk=72%
22:25:21  used=11115786  free=5414382  disk=72%
22:26:21  used=11115786  free=5413950  disk=72%
22:27:21  used=11115786  free=5413950  disk=72%
22:28:21  used=11115786  free=5413950  disk=72%
22:29:21  used=11115786  free=5413950  disk=72%
22:30:21  used=11115786  free=5413950  disk=72%
22:31:21  used=11115786  free=5414350  disk=72%
22:32:21  used=11115786  free=5414350  disk=72%
22:33:21  used=11115786  free=5413950  disk=72%
22:34:21  used=11115786  free=5413950  disk=72%
22:35:21  used=11115786  free=5413950  disk=72%
22:36:21  used=11115786  free=5413950  disk=72%
22:37:21  used=11115786  free=5413950  disk=72%
22:38:21  used=11115786  free=5414326  disk=72%
22:39:21  used=11115786  free=5412886  disk=72%
22:40:21  used=11115786  free=5412926  disk=72%
22:41:21  used=11115786  free=5412926  disk=72%
22:42:22  used=11115786  free=5412926  disk=72%
22:43:22  used=11115786  free=5412926  disk=72%
22:44:22  used=11115786  free=5413278  disk=72%
22:45:22  used=11115786  free=5413278  disk=72%
22:46:22  used=11115786  free=5412926  disk=72%
22:47:22  used=11115786  free=5412926  disk=72%
22:48:22  used=11115786  free=5412926  disk=72%
22:49:22  used=11115786  free=5412926  disk=72%
22:50:22  used=11115786  free=5412926  disk=72%
22:51:22  used=11115786  free=5412926  disk=72%
22:52:22  used=11115786  free=5413254  disk=72%
22:53:22  used=11115786  free=5412926  disk=72%
22:54:22  used=11115786  free=5412926  disk=72%
22:55:22  used=11115786  free=5411862  disk=72%
22:56:22  used=11115786  free=5411902  disk=72%
22:57:22  used=11115786  free=5411902  disk=72%
22:58:22  used=11115786  free=5412198  disk=72%
22:59:22  used=11115786  free=5412198  disk=72%
23:00:22  used=11115786  free=5411902  disk=72%
23:01:22  used=11115786  free=5411902  disk=72%
23:02:22  used=11115786  free=5411902  disk=72%
23:03:22  used=11115786  free=5411902  disk=72%
23:04:22  used=11115786  free=5411902  disk=72%
23:05:22  used=11115786  free=5412174  disk=72%
23:06:22  used=11115786  free=5411862  disk=72%
23:07:22  used=11115786  free=5411902  disk=72%
23:08:22  used=11115786  free=5411902  disk=72%
23:09:22  used=11115786  free=5411902  disk=72%
23:10:22  used=11115786  free=5411902  disk=72%
23:11:22  used=11115786  free=5411902  disk=72%
23:12:22  used=11115786  free=5411118  disk=72%
23:13:22  used=11115786  free=5410878  disk=72%
23:14:22  used=11115786  free=5410878  disk=72%
23:15:22  used=11115786  free=5410878  disk=72%
23:16:23  used=11115786  free=5410878  disk=72%
23:17:23  used=11115786  free=5410878  disk=72%
23:18:23  used=11115786  free=5411094  disk=72%
23:19:23  used=11115786  free=5411094  disk=72%
23:20:23  used=11115788  free=5410284  disk=72%
23:21:23  used=11115789  free=5408531  disk=72%
23:22:23  used=11115789  free=5408531  disk=72%
23:23:23  used=11115789  free=5408531  disk=72%
23:24:23  used=11115789  free=5408531  disk=72%
23:25:23  used=11115789  free=5408715  disk=72%
23:26:23  used=11115789  free=5408715  disk=72%
23:27:23  used=11115789  free=5408531  disk=72%
23:28:23  used=11115789  free=5408531  disk=72%
23:29:23  used=11115789  free=5407467  disk=72%
23:30:23  used=11115789  free=5407507  disk=72%
23:31:23  used=11115789  free=5407507  disk=72%
23:32:23  used=11115789  free=5407667  disk=72%
23:33:23  used=11115789  free=5407467  disk=72%
23:34:23  used=11115789  free=5407507  disk=72%
23:35:23  used=11115789  free=5407507  disk=72%
23:36:23  used=11115789  free=5407507  disk=72%
23:37:23  used=11115789  free=5407507  disk=72%
23:38:23  used=11115789  free=5407507  disk=72%
23:39:23  used=11115789  free=5407531  disk=72%
23:40:23  used=11115789  free=5407403  disk=72%
23:41:23  used=11115789  free=5407403  disk=72%
23:42:23  used=11115789  free=5407403  disk=72%
23:43:23  used=11115789  free=5407403  disk=72%
23:44:23  used=11115789  free=5407499  disk=72%
23:45:23  used=11115789  free=5407499  disk=72%
23:46:23  used=11115789  free=5406579  disk=72%
23:47:23  used=11115789  free=5406475  disk=72%
23:48:23  used=11115789  free=5406475  disk=72%
23:49:23  used=11115789  free=5406475  disk=72%
23:50:23  used=11115789  free=5406475  disk=72%
23:51:24  used=11115789  free=5406475  disk=72%
23:52:24  used=11115789  free=5406547  disk=72%
23:53:24  used=11115789  free=5406547  disk=72%
23:54:24  used=11115789  free=5406475  disk=72%
23:55:24  used=11115789  free=5406475  disk=72%
23:56:24  used=11115789  free=5406475  disk=72%
23:57:24  used=11115789  free=5406475  disk=72%
23:58:24  used=11115789  free=5406475  disk=72%
23:59:24  used=11115789  free=5406523  disk=72%
00:00:24  used=11115789  free=5406435  disk=72%
00:01:24  used=11115789  free=5406475  disk=72%
00:02:24  used=11115789  free=5406475  disk=72%
00:03:24  used=11115789  free=5405451  disk=72%
00:04:24  used=11115789  free=5405451  disk=72%
00:05:24  used=11115789  free=5405451  disk=72%
00:06:24  used=11115789  free=5405467  disk=72%
00:07:24  used=11115789  free=5405451  disk=72%
00:08:24  used=11115789  free=5405451  disk=72%
00:09:24  used=11115789  free=5405451  disk=72%
00:10:24  used=11115789  free=5405451  disk=72%
00:11:24  used=11115789  free=5405451  disk=72%
00:12:24  used=11115789  free=5405443  disk=72%
00:13:24  used=11115789  free=5405443  disk=72%
00:14:24  used=11115789  free=5404427  disk=72%
00:15:24  used=11115789  free=5404427  disk=72%
00:16:24  used=11115789  free=5404427  disk=72%
00:17:24  used=11115789  free=5404427  disk=72%
00:18:24  used=11115790  free=5402186  disk=72%
00:19:24  used=11115608  free=5457432  disk=72%
00:20:24  used=11115608  free=5456408  disk=72%
00:21:24  used=11115608  free=5455416  disk=72%
00:22:24  used=11115608  free=5455416  disk=72%
00:23:24  used=11115608  free=5455416  disk=72%
00:24:25  used=11115608  free=5455416  disk=72%
00:25:25  used=11115608  free=5455416  disk=72%
00:26:25  used=11115608  free=5456376  disk=72%
00:27:25  used=11115608  free=5455376  disk=72%
00:28:25  used=11115608  free=5455416  disk=72%
00:29:25  used=11115608  free=5455416  disk=72%
00:30:25  used=11115608  free=5455416  disk=72%
00:31:25  used=11115608  free=5455416  disk=72%
00:32:25  used=11115608  free=5455416  disk=72%
00:33:25  used=11115608  free=5456352  disk=72%
00:34:25  used=11115608  free=5455416  disk=72%
00:35:25  used=11115596  free=5799188  disk=72%
00:36:25  used=11115602  free=5799230  disk=72%
00:37:25  used=11115602  free=5798014  disk=72%
00:38:25  used=11115602  free=5797750  disk=72%
00:39:25  used=11115590  free=5459562  disk=72%
00:40:25  used=11115590  free=5460514  disk=72%
00:41:25  used=11115590  free=5459650  disk=72%
00:42:25  used=11115590  free=5459650  disk=72%
00:43:25  used=11115590  free=5459650  disk=72%
00:44:25  used=11115590  free=5459650  disk=72%
00:45:25  used=11115590  free=5459650  disk=72%
00:46:25  used=11115590  free=5460530  disk=72%
00:47:25  used=11115590  free=5460530  disk=72%
00:48:25  used=11115590  free=5459650  disk=72%
00:49:25  used=11115590  free=5459650  disk=72%
00:50:25  used=11115590  free=5459650  disk=72%
00:51:25  used=11115590  free=5459650  disk=72%
00:52:25  used=11115590  free=5459650  disk=72%
00:53:25  used=11115590  free=5459442  disk=72%
00:54:25  used=11115590  free=5458586  disk=72%
00:55:25  used=11115590  free=5458626  disk=72%
00:56:25  used=11115590  free=5458626  disk=72%
00:57:25  used=11115590  free=5458626  disk=72%
00:58:26  used=11115590  free=5458626  disk=72%
00:59:26  used=11115590  free=5458626  disk=72%
01:00:26  used=11115590  free=5459450  disk=72%
01:01:26  used=11115590  free=5458626  disk=72%
01:02:26  used=11115590  free=5458626  disk=72%
01:03:26  used=11115590  free=5458626  disk=72%
01:04:26  used=11115590  free=5458530  disk=72%
01:05:26  used=11115590  free=5458530  disk=72%
01:06:26  used=11115590  free=5459330  disk=72%
01:07:26  used=11115590  free=5459330  disk=72%
01:08:26  used=11115590  free=5458530  disk=72%
01:09:26  used=11115590  free=5458618  disk=72%
01:10:26  used=11115590  free=5457594  disk=72%
01:11:26  used=11115590  free=5457594  disk=72%
01:12:26  used=11115590  free=5457594  disk=72%
01:13:26  used=11115590  free=5458362  disk=72%
01:14:26  used=11115590  free=5458362  disk=72%
01:15:26  used=11115590  free=5457594  disk=72%
01:16:26  used=11115590  free=5457594  disk=72%
01:17:26  used=11115590  free=5457594  disk=72%
01:18:26  used=11115590  free=5457594  disk=72%
01:19:26  used=11115590  free=5457594  disk=72%
01:20:26  used=11115590  free=5458338  disk=72%
01:21:26  used=11115590  free=5457594  disk=72%
01:22:26  used=11115590  free=5457594  disk=72%
01:23:26  used=11115590  free=5457594  disk=72%
01:24:26  used=11115590  free=5457594  disk=72%
01:25:26  used=11115590  free=5457594  disk=72%
01:26:26  used=11115590  free=5457594  disk=72%
01:27:26  used=11115590  free=5457242  disk=72%
01:28:26  used=11115590  free=5456570  disk=72%
01:29:26  used=11115590  free=5456570  disk=72%
01:30:26  used=11115590  free=5456570  disk=72%
01:31:26  used=11115590  free=5456570  disk=72%
01:32:27  used=11115590  free=5456570  disk=72%
01:33:27  used=11115590  free=5457258  disk=72%
01:34:27  used=11115620  free=5795420  disk=72%
01:35:27  used=11115620  free=5794628  disk=72%
01:36:27  used=11115620  free=5794388  disk=72%
01:37:27  used=11115608  free=5456200  disk=72%
01:38:27  used=11115608  free=5456240  disk=72%
01:39:27  used=11115608  free=5456248  disk=72%
01:40:27  used=11115608  free=5456904  disk=72%
01:41:27  used=11115608  free=5456904  disk=72%
01:42:27  used=11115608  free=5456248  disk=72%
01:43:27  used=11115608  free=5456248  disk=72%
01:44:27  used=11115608  free=5455224  disk=72%
01:45:27  used=11115608  free=5455224  disk=72%
01:46:27  used=11115608  free=5455224  disk=72%
01:47:27  used=11115608  free=5455848  disk=72%
01:48:27  used=11115608  free=5455224  disk=72%
01:49:27  used=11115608  free=5455224  disk=72%
01:50:27  used=11115608  free=5455224  disk=72%
01:51:27  used=11115608  free=5455224  disk=72%
01:52:27  used=11115608  free=5455224  disk=72%
01:53:27  used=11115608  free=5455224  disk=72%
01:54:27  used=11115608  free=5455824  disk=72%
01:55:27  used=11115608  free=5455224  disk=72%
01:56:27  used=11115608  free=5455224  disk=72%
01:57:27  used=11115608  free=5455224  disk=72%
01:58:27  used=11115608  free=5455224  disk=72%
01:59:27  used=11115608  free=5455224  disk=72%
02:00:27  used=11115608  free=5455792  disk=72%
02:01:27  used=11115608  free=5454768  disk=72%
02:02:27  used=11115608  free=5454200  disk=72%
02:03:27  used=11115608  free=5454200  disk=72%
02:04:27  used=11115608  free=5454200  disk=72%
02:05:27  used=11115608  free=5454200  disk=72%
02:06:27  used=11115608  free=5454200  disk=72%
02:07:28  used=11115608  free=5454744  disk=72%
02:08:28  used=11115608  free=5454744  disk=72%
02:09:28  used=11115608  free=5454200  disk=72%
02:10:28  used=11115608  free=5454200  disk=72%
02:11:28  used=11115608  free=5454200  disk=72%
02:12:28  used=11115608  free=5454200  disk=72%
02:13:28  used=11115608  free=5454200  disk=72%
02:14:28  used=11115608  free=5454712  disk=72%
02:15:28  used=11115608  free=5454200  disk=72%
02:16:28  used=11115608  free=5454200  disk=72%
02:17:28  used=11115608  free=5454200  disk=72%
02:18:28  used=11115608  free=5453176  disk=72%
02:19:28  used=11115608  free=5453176  disk=72%
02:20:28  used=11115608  free=5453176  disk=72%
02:21:28  used=11115608  free=5453664  disk=72%
02:22:28  used=11115608  free=5453176  disk=72%
02:23:28  used=11115608  free=5453176  disk=72%
02:24:28  used=11115608  free=5453176  disk=72%
02:25:28  used=11115608  free=5453176  disk=72%
02:26:28  used=11115608  free=5453176  disk=72%
02:27:28  used=11115608  free=5453632  disk=72%
02:28:28  used=11115608  free=5453632  disk=72%
02:29:28  used=11115608  free=5453088  disk=72%
02:30:28  used=11115608  free=5453088  disk=72%
02:31:28  used=11115608  free=5453088  disk=72%
02:32:28  used=11115608  free=5453088  disk=72%
02:33:28  used=11115608  free=5453088  disk=72%
02:34:28  used=11115608  free=5453600  disk=72%
02:35:28  used=11115608  free=5452576  disk=72%
02:36:28  used=11115608  free=5452144  disk=72%
02:37:28  used=11115608  free=5452144  disk=72%
02:38:28  used=11115608  free=5452144  disk=72%
02:39:28  used=11115608  free=5452144  disk=72%
02:40:29  used=11115608  free=5452144  disk=72%
02:41:29  used=11115608  free=5452544  disk=72%
02:42:29  used=11115608  free=5452144  disk=72%
02:43:29  used=11115608  free=5452144  disk=72%
02:44:29  used=11115608  free=5452144  disk=72%
02:45:29  used=11115608  free=5452144  disk=72%
02:46:29  used=11115608  free=5452144  disk=72%
02:47:29  used=11115608  free=5452520  disk=72%
02:48:29  used=11115608  free=5452520  disk=72%
02:49:29  used=11115608  free=5452144  disk=72%
02:50:29  used=11115608  free=5452144  disk=72%
02:51:29  used=11115608  free=5451080  disk=72%
02:52:29  used=11115608  free=5451120  disk=72%
02:53:29  used=11115608  free=5451120  disk=72%
02:54:29  used=11115608  free=5451472  disk=72%
02:55:29  used=11115608  free=5451472  disk=72%
02:56:29  used=11115608  free=5451120  disk=72%
02:57:29  used=11115608  free=5451120  disk=72%
02:58:29  used=11115608  free=5451120  disk=72%
02:59:29  used=11115608  free=5451120  disk=72%
03:00:29  used=11115608  free=5451120  disk=72%
03:01:29  used=11115608  free=5451440  disk=72%
03:02:29  used=11115608  free=5451440  disk=72%
03:03:29  used=11115608  free=5451120  disk=72%
03:04:29  used=11115608  free=5451120  disk=72%
03:05:29  used=11115608  free=5451120  disk=72%
03:06:29  used=11115608  free=5451120  disk=72%
03:07:29  used=11115608  free=5451120  disk=72%
03:08:29  used=11115608  free=5450392  disk=72%
03:09:29  used=11115608  free=5450096  disk=72%
03:10:29  used=11115608  free=5450096  disk=72%
03:11:29  used=11115608  free=5450096  disk=72%
03:12:29  used=11115608  free=5450096  disk=72%
03:13:30  used=11115608  free=5450096  disk=72%
03:14:30  used=11115608  free=5450096  disk=72%
03:15:30  used=11115608  free=5450360  disk=72%
03:16:30  used=11115608  free=5450096  disk=72%
03:17:30  used=11115608  free=5450096  disk=72%
03:18:30  used=11115608  free=5450096  disk=72%
03:19:30  used=11115608  free=5450096  disk=72%
03:20:30  used=11115608  free=5450096  disk=72%
03:21:30  used=11115608  free=5450336  disk=72%
03:22:30  used=11115608  free=5450336  disk=72%
03:23:30  used=11115608  free=5450096  disk=72%
03:24:30  used=11115608  free=5450096  disk=72%
03:25:30  used=11115608  free=5449072  disk=72%
03:26:30  used=11115608  free=5449072  disk=72%
03:27:30  used=11115608  free=5449072  disk=72%
03:28:30  used=11115608  free=5449288  disk=72%
03:29:30  used=11115608  free=5449288  disk=72%
03:30:30  used=11115608  free=5449072  disk=72%
03:31:30  used=11115608  free=5449072  disk=72%
03:32:30  used=11115608  free=5449072  disk=72%
03:33:30  used=11115608  free=5449072  disk=72%
03:34:30  used=11115608  free=5449072  disk=72%
03:35:30  used=11115608  free=5449256  disk=72%
03:36:30  used=11115608  free=5449072  disk=72%
03:37:30  used=11115608  free=5449072  disk=72%
03:38:30  used=11115608  free=5449072  disk=72%
03:39:30  used=11115608  free=5449072  disk=72%
03:40:30  used=11115608  free=5449072  disk=72%
03:41:30  used=11115608  free=5449232  disk=72%
03:42:30  used=11115608  free=5448208  disk=72%
03:43:30  used=11115608  free=5448048  disk=72%
03:44:30  used=11115608  free=5448048  disk=72%
03:45:30  used=11115608  free=5448048  disk=72%
03:46:30  used=11115608  free=5448048  disk=72%
03:47:30  used=11115608  free=5448048  disk=72%
03:48:31  used=11115608  free=5448048  disk=72%
03:49:31  used=11115608  free=5448176  disk=72%
03:50:31  used=11115608  free=5448048  disk=72%
03:51:31  used=11115608  free=5448048  disk=72%
03:52:31  used=11115608  free=5448048  disk=72%
03:53:31  used=11115608  free=5447944  disk=72%
03:54:31  used=11115608  free=5447944  disk=72%
03:55:31  used=11115608  free=5447968  disk=72%
03:56:31  used=11115608  free=5448072  disk=72%
03:57:31  used=11115608  free=5447968  disk=72%
03:58:31  used=11115608  free=5447968  disk=72%
03:59:31  used=11115608  free=5446944  disk=72%
04:00:31  used=11115608  free=5447016  disk=72%
04:01:31  used=11115608  free=5447016  disk=72%
04:02:31  used=11115608  free=5447088  disk=72%
04:03:31  used=11115608  free=5447016  disk=72%
04:04:31  used=11115608  free=5447016  disk=72%
04:05:31  used=11115608  free=5447016  disk=72%
04:06:31  used=11115608  free=5447016  disk=72%
04:07:31  used=11115608  free=5447016  disk=72%
04:08:31  used=11115608  free=5447016  disk=72%
04:09:31  used=11115608  free=5447064  disk=72%
04:10:31  used=11115608  free=5447016  disk=72%
04:11:31  used=11115608  free=5447016  disk=72%
04:12:31  used=11115608  free=5447016  disk=72%
04:13:31  used=11115608  free=5447016  disk=72%
04:14:31  used=11115608  free=5447016  disk=72%
04:15:31  used=11115608  free=5447032  disk=72%
04:16:31  used=11115608  free=5446008  disk=72%
04:17:31  used=11115608  free=5445992  disk=72%
04:18:31  used=11115608  free=5445992  disk=72%
04:19:31  used=11115608  free=5445992  disk=72%
04:20:31  used=11115608  free=5445992  disk=72%
04:21:31  used=11115608  free=5444968  disk=72%
04:22:32  used=11115608  free=5445984  disk=72%
04:23:32  used=11115608  free=5445984  disk=72%
04:24:32  used=11115608  free=5444968  disk=72%
04:25:32  used=11115620  free=5785436  disk=72%
04:26:32  used=11115620  free=5785340  disk=72%
04:27:32  used=11115620  free=5784188  disk=72%
04:28:32  used=11115620  free=5784188  disk=72%
04:29:32  used=11115608  free=5446984  disk=72%
04:30:32  used=11115608  free=5446912  disk=72%
04:31:32  used=11115608  free=5446912  disk=72%
04:32:32  used=11115608  free=5445848  disk=72%
04:33:32  used=11115608  free=5445888  disk=72%
04:34:32  used=11115608  free=5445888  disk=72%
04:35:32  used=11115608  free=5446848  disk=72%
04:36:32  used=11115608  free=5446848  disk=72%
04:37:32  used=11115608  free=5445888  disk=72%
04:38:32  used=11115608  free=5445888  disk=72%
04:39:32  used=11115608  free=5445888  disk=72%
04:40:32  used=11115608  free=5445888  disk=72%
04:41:32  used=11115608  free=5445888  disk=72%
04:42:32  used=11115608  free=5445888  disk=72%
04:43:32  used=11115608  free=5446816  disk=72%
04:44:32  used=11115608  free=5445888  disk=72%
04:45:32  used=11115608  free=5445888  disk=72%
04:46:32  used=11115608  free=5445888  disk=72%
04:47:32  used=11115608  free=5445888  disk=72%
04:48:32  used=11115608  free=5445888  disk=72%
04:49:32  used=11115608  free=5445768  disk=72%
04:50:32  used=11115597  free=5780107  disk=72%
04:51:32  used=11115606  free=5779474  disk=72%
04:52:32  used=11115608  free=5779448  disk=72%
04:53:32  used=11115608  free=5779304  disk=72%
04:54:32  used=11115598  free=5108826  disk=72%
04:55:32  used=11115596  free=5441156  disk=72%
04:56:33  used=11115596  free=5442604  disk=72%
04:57:33  used=11115596  free=5441732  disk=72%
04:58:33  used=11115596  free=5441732  disk=72%
04:59:33  used=11115596  free=5441732  disk=72%
05:00:33  used=11115596  free=5441732  disk=72%
05:01:33  used=11115596  free=5441732  disk=72%
05:02:33  used=11115596  free=5441732  disk=72%
05:03:33  used=11115596  free=5442572  disk=72%
05:04:33  used=11115596  free=5441732  disk=72%
05:05:33  used=11115596  free=5441732  disk=72%
05:06:33  used=11115596  free=5440668  disk=72%
05:07:33  used=11115596  free=5440708  disk=72%
05:08:33  used=11115596  free=5440708  disk=72%
05:09:33  used=11115596  free=5441516  disk=72%
05:10:33  used=11115596  free=5441516  disk=72%
05:11:33  used=11115596  free=5440708  disk=72%
05:12:33  used=11115679  free=5750457  disk=72%
05:13:33  used=11115690  free=5753670  disk=72%
05:14:33  used=11115690  free=5753614  disk=72%
05:15:33  used=11115690  free=5753470  disk=72%
05:16:33  used=11115690  free=5754254  disk=72%
05:17:33  used=11115690  free=5754126  disk=72%
05:18:33  used=11115690  free=5753342  disk=72%
05:19:33  used=11115690  free=5753214  disk=72%
05:20:33  used=11115678  free=5414186  disk=72%
05:21:33  used=11115678  free=5414226  disk=72%
05:22:33  used=11115678  free=5414226  disk=72%
05:23:33  used=11115678  free=5413954  disk=72%
05:24:33  used=11115678  free=5414218  disk=72%
05:25:33  used=11115678  free=5414282  disk=72%
05:26:33  used=11115678  free=5414282  disk=72%
05:27:33  used=11115678  free=5414282  disk=72%
05:28:33  used=11115678  free=5414282  disk=72%
05:29:34  used=11115678  free=5414282  disk=72%
05:30:34  used=11115678  free=5415002  disk=72%
05:31:34  used=11115678  free=5414282  disk=72%
05:32:34  used=11115678  free=5414282  disk=72%
05:33:34  used=11115678  free=5414282  disk=72%
05:34:34  used=11115678  free=5414282  disk=72%
05:35:34  used=11115678  free=5414282  disk=72%
05:36:34  used=11115678  free=5414978  disk=72%
05:37:34  used=11115678  free=5414978  disk=72%
05:38:34  used=11115678  free=5414282  disk=72%
05:39:34  used=11115678  free=5414282  disk=72%
05:40:34  used=11115678  free=5413258  disk=72%
05:41:34  used=11115678  free=5413258  disk=72%
05:42:34  used=11115680  free=5413040  disk=72%
05:43:34  used=11115681  free=5411719  disk=72%
05:44:34  used=11115681  free=5411719  disk=72%
05:45:34  used=11115681  free=5411047  disk=72%
05:46:34  used=11115681  free=5411047  disk=72%
05:47:34  used=11115681  free=5411047  disk=72%
05:48:34  used=11115681  free=5411047  disk=72%
05:49:34  used=11115681  free=5411047  disk=72%
05:50:34  used=11115681  free=5411687  disk=72%
05:51:34  used=11115681  free=5411047  disk=72%
05:52:34  used=11115681  free=5411047  disk=72%
05:53:34  used=11115681  free=5411047  disk=72%
05:54:34  used=11115681  free=5411047  disk=72%
05:55:34  used=11115681  free=5411047  disk=72%
05:56:34  used=11115681  free=5411047  disk=72%
05:57:34  used=11115681  free=5410639  disk=72%
05:58:34  used=11115681  free=5410023  disk=72%
05:59:34  used=11115906  free=5374022  disk=72%
06:00:34  used=11115681  free=5410023  disk=72%
06:01:34  used=11115681  free=5410023  disk=72%
06:02:34  used=11115681  free=5410023  disk=72%
06:03:35  used=11115681  free=5410607  disk=72%
06:04:35  used=11115681  free=5410607  disk=72%
06:05:35  used=11115681  free=5410023  disk=72%
06:06:35  used=11115681  free=5410023  disk=72%
06:07:35  used=11115681  free=5410023  disk=72%
06:08:35  used=11115681  free=5410023  disk=72%
06:09:35  used=11115681  free=5410023  disk=72%
06:10:35  used=11115681  free=5410583  disk=72%
06:11:35  used=11115681  free=5410583  disk=72%
06:12:35  used=11115681  free=5410023  disk=72%
06:13:35  used=11115681  free=5410023  disk=72%
06:14:35  used=11115681  free=5408999  disk=72%
06:15:35  used=11115704  free=5406144  disk=72%
06:16:35  used=11115748  free=5402924  disk=72%
06:17:35  used=11116438  free=5374290  disk=72%
06:18:35  used=11116438  free=5377002  disk=72%
06:19:35  used=11116438  free=5377002  disk=72%
06:20:35  used=11116438  free=5377002  disk=72%
06:21:35  used=11116438  free=5377002  disk=72%
06:22:35  used=11116438  free=5377082  disk=72%
06:23:35  used=11116438  free=5377082  disk=72%
06:24:35  used=11116438  free=5377506  disk=72%
06:25:35  used=11116438  free=5377002  disk=72%
06:26:35  used=11116438  free=5376962  disk=72%
06:27:35  used=11116438  free=5376962  disk=72%
06:28:35  used=11116438  free=5376962  disk=72%
06:29:35  used=11116443  free=5377037  disk=72%
06:30:35  used=11116443  free=5376421  disk=72%
06:31:35  used=11116443  free=5376421  disk=72%
06:32:35  used=11116443  free=5375949  disk=72%
06:33:35  used=11116443  free=5375949  disk=72%
06:34:35  used=11116443  free=5375949  disk=72%
06:35:35  used=11116443  free=5375949  disk=72%
06:36:35  used=11116443  free=5375997  disk=72%
06:37:35  used=11116443  free=5376413  disk=72%
06:38:35  used=11116443  free=5376413  disk=72%
06:39:35  used=11116443  free=5375917  disk=72%
06:40:35  used=11116443  free=5375941  disk=72%
06:41:35  used=11116443  free=5375941  disk=72%
06:42:35  used=11116443  free=5375941  disk=72%
06:43:36  used=11116448  free=5368120  disk=72%
06:44:36  used=11116449  free=5354655  disk=72%
06:45:36  used=11116449  free=5354167  disk=72%
06:46:36  used=11116449  free=5354167  disk=72%
06:47:36  used=11116449  free=5353103  disk=72%
06:48:36  used=11116449  free=5353143  disk=72%
06:49:36  used=11116449  free=5353143  disk=72%
06:50:36  used=11116449  free=5353591  disk=72%
06:51:36  used=11116449  free=5353591  disk=72%
06:52:36  used=11116449  free=5353199  disk=72%
06:53:36  used=11116449  free=5353095  disk=72%
06:54:36  used=11116449  free=5353095  disk=72%
06:55:36  used=11116449  free=5353095  disk=72%
06:56:36  used=11116466  free=5343838  disk=72%
06:57:36  used=11116472  free=5334944  disk=72%
06:58:36  used=11116479  free=5325481  disk=72%
06:59:36  used=11116450  free=5353022  disk=72%
07:00:36  used=11116450  free=5353022  disk=72%
07:01:36  used=11116450  free=5353022  disk=72%
07:02:36  used=11092442  free=20377182  disk=72%
07:03:36  used=11092442  free=20377182  disk=72%
07:04:36  used=11092372  free=20737956  disk=72%
07:05:36  used=11092372  free=20737596  disk=72%
07:06:36  used=11092372  free=20737412  disk=72%
07:07:36  used=11092372  free=20737452  disk=72%
07:08:36  used=11092360  free=20399264  disk=72%
07:09:36  used=11092360  free=20400024  disk=72%
07:10:36  used=11092360  free=20400024  disk=72%
07:11:36  used=11092360  free=20400336  disk=72%
07:12:36  used=11092360  free=20400024  disk=72%
07:13:36  used=11092360  free=20400024  disk=72%
07:14:36  used=11092360  free=20400024  disk=72%
07:15:36  used=11092360  free=20400024  disk=72%
07:16:36  used=11092360  free=20400024  disk=72%
07:17:37  used=11092360  free=20400024  disk=72%
07:18:37  used=11092360  free=20400312  disk=72%
07:19:37  used=11092360  free=20400024  disk=72%
07:20:37  used=11092360  free=20400024  disk=72%
07:21:37  used=11092360  free=20399000  disk=72%
07:22:37  used=11092360  free=20399000  disk=72%
07:23:37  used=11092360  free=20399000  disk=72%
07:24:37  used=11092360  free=20399264  disk=72%
07:25:37  used=11092360  free=20399264  disk=72%
07:26:37  used=11092360  free=20399000  disk=72%
07:27:37  used=11092360  free=20399000  disk=72%
07:28:37  used=11092360  free=20399000  disk=72%
07:29:37  used=11092360  free=20399000  disk=72%
07:30:37  used=11092360  free=20399000  disk=72%
07:31:37  used=11092356  free=20416268  disk=72%
07:32:37  used=11092356  free=20415988  disk=72%
07:33:37  used=11092722  free=20397070  disk=72%
07:34:37  used=11092722  free=20397070  disk=72%
07:35:37  used=11092722  free=20397070  disk=72%
07:36:37  used=11092722  free=20397070  disk=72%
07:37:37  used=11092722  free=20397118  disk=72%
07:38:37  used=11092722  free=20396254  disk=72%
07:39:37  used=11092722  free=20396046  disk=72%
07:40:37  used=11092722  free=20396126  disk=72%
07:41:37  used=11092726  free=20743002  disk=72%
07:42:37  used=11092726  free=20742930  disk=72%
07:43:37  used=11092726  free=20742794  disk=72%
07:44:37  used=11092714  free=20404782  disk=72%
07:45:37  used=11092714  free=20404790  disk=72%
07:46:37  used=11092714  free=20404614  disk=72%
07:47:37  used=11092714  free=20405046  disk=72%
07:48:37  used=11092714  free=20404966  disk=72%
07:49:37  used=11092714  free=20404966  disk=72%
07:50:37  used=11092714  free=20404982  disk=72%
07:51:37  used=11092714  free=20405206  disk=72%
07:52:37  used=11092714  free=20405206  disk=72%
07:53:37  used=11092714  free=20405038  disk=72%
07:54:37  used=11092714  free=20405038  disk=72%
07:55:37  used=11092714  free=20404014  disk=72%
07:56:37  used=11092714  free=20404014  disk=72%
07:57:38  used=11092714  free=20404014  disk=72%
07:58:38  used=11092714  free=20404134  disk=72%
07:59:38  used=11092714  free=20403974  disk=72%
08:00:38  used=11092714  free=20403942  disk=72%
08:01:38  used=11092714  free=20403942  disk=72%
08:02:38  used=11092714  free=20404006  disk=72%
08:03:38  used=11092718  free=20371762  disk=72%
08:04:38  used=11092718  free=20371802  disk=72%
08:05:38  used=11092718  free=20371898  disk=72%
08:06:38  used=11092718  free=20371802  disk=72%
08:07:38  used=11092718  free=20371762  disk=72%
08:08:38  used=11092718  free=20371802  disk=72%
08:09:38  used=11092718  free=20371866  disk=72%
08:10:38  used=11092718  free=20371866  disk=72%
08:11:38  used=11092718  free=20371866  disk=72%
08:12:38  used=11092718  free=20370914  disk=72%
08:13:38  used=11092718  free=20370842  disk=72%
08:14:38  used=11092718  free=20370890  disk=72%
08:15:38  used=11092718  free=20370890  disk=72%
08:16:38  used=11092718  free=20370890  disk=72%
08:17:38  used=11092718  free=20370890  disk=72%
08:18:38  used=11092718  free=20370930  disk=72%
08:19:38  used=11092718  free=20370930  disk=72%
08:20:38  used=11092718  free=20370890  disk=72%
08:21:38  used=11092718  free=20370890  disk=72%
08:22:38  used=11092718  free=20370890  disk=72%
08:23:38  used=11092718  free=20370890  disk=72%
08:24:38  used=11092718  free=20370890  disk=72%
08:25:38  used=11092718  free=20370906  disk=72%
08:26:38  used=11092718  free=20370850  disk=72%
08:27:38  used=11092718  free=20370890  disk=72%
08:28:38  used=11092718  free=20369826  disk=72%
08:29:38  used=11092718  free=20369866  disk=72%
08:30:38  used=11092718  free=20369866  disk=72%
08:31:38  used=11092718  free=20368842  disk=72%
08:32:38  used=11092718  free=20369850  disk=72%
08:33:39  used=11092718  free=20368842  disk=72%
08:34:39  used=11092718  free=20368842  disk=72%
08:35:39  used=11092718  free=20368842  disk=72%
08:36:39  used=11092718  free=20368842  disk=72%
08:37:39  used=11092718  free=20368842  disk=72%
08:38:39  used=11092718  free=20369826  disk=72%
08:39:39  used=11092718  free=20369826  disk=72%
08:40:39  used=11092718  free=20368802  disk=72%
08:41:39  used=11092718  free=20368842  disk=72%
08:42:39  used=11092718  free=20368842  disk=72%
08:43:39  used=11092718  free=20368842  disk=72%
08:44:39  used=11092718  free=20368842  disk=72%
08:45:39  used=11092718  free=20368778  disk=72%
08:46:39  used=11092718  free=20368778  disk=72%
08:47:39  used=11092718  free=20367818  disk=72%
08:48:39  used=11092718  free=20367818  disk=72%
08:49:39  used=11092718  free=20367818  disk=72%
08:50:39  used=11092718  free=20367818  disk=72%
08:51:39  used=11092718  free=20367818  disk=72%
08:52:39  used=11092712  free=20406432  disk=72%
08:53:39  used=11092714  free=20401214  disk=72%
08:54:39  used=11093148  free=20378132  disk=72%
08:55:39  used=11093148  free=20378132  disk=72%
08:56:39  used=11093148  free=20378132  disk=72%
08:57:39  used=11093148  free=20378132  disk=72%
08:58:39  used=11093148  free=20378140  disk=72%
08:59:39  used=11093148  free=20378908  disk=72%
09:00:39  used=11093148  free=20378012  disk=72%
09:01:39  used=11093148  free=20378004  disk=72%
09:02:39  used=11093148  free=20377100  disk=72%
09:03:39  used=11093148  free=20377100  disk=72%
09:04:39  used=11093148  free=20376972  disk=72%
09:05:39  used=11093190  free=20376674  disk=72%
09:06:39  used=11093148  free=20377836  disk=72%
09:07:39  used=11093148  free=20376964  disk=72%
09:08:39  used=11093148  free=20376964  disk=72%
09:09:39  used=11093152  free=20349032  disk=72%
09:10:40  used=11093152  free=20349032  disk=72%
09:11:40  used=11093152  free=20349032  disk=72%
09:12:40  used=11093152  free=20349880  disk=72%
09:13:40  used=11093152  free=20349992  disk=72%
09:14:40  used=11093148  free=20376156  disk=72%
09:15:40  used=11093148  free=20376044  disk=72%
09:16:40  used=11093148  free=20376044  disk=72%
09:17:40  used=11093148  free=20376044  disk=72%
09:18:40  used=11093148  free=20376148  disk=72%
09:19:40  used=11093148  free=20376036  disk=72%
09:20:40  used=11093148  free=20374980  disk=72%
09:21:40  used=11093148  free=20375020  disk=72%
09:22:40  used=11093148  free=20375020  disk=72%
09:23:40  used=11093148  free=20375020  disk=72%
09:24:40  used=11093148  free=20375116  disk=72%
09:25:40  used=11093148  free=20375196  disk=72%
09:26:40  used=11093148  free=20375980  disk=72%
09:27:40  used=11093148  free=20375196  disk=72%
09:28:40  used=11093148  free=20375076  disk=72%
09:29:40  used=11093148  free=20375116  disk=72%
09:30:40  used=11093148  free=20375116  disk=72%
09:31:40  used=11093148  free=20375116  disk=72%
09:32:40  used=11093157  free=20705939  disk=72%
09:33:40  used=11093160  free=20705864  disk=72%
09:34:40  used=11093160  free=20705024  disk=72%
09:35:40  used=11093159  free=20705001  disk=72%
09:36:40  used=11093159  free=20703977  disk=72%
09:37:40  used=11093147  free=20364477  disk=72%
09:38:40  used=11093147  free=20365941  disk=72%
09:39:40  used=11093147  free=20366669  disk=72%
09:40:40  used=11093147  free=20366669  disk=72%
09:41:40  used=11093147  free=20365941  disk=72%
09:42:40  used=11093147  free=20365989  disk=72%
09:43:40  used=11093147  free=20365989  disk=72%
09:44:40  used=11093147  free=20365989  disk=72%
09:45:40  used=11093147  free=20365941  disk=72%
09:46:40  used=11093147  free=20366645  disk=72%
09:47:40  used=11093394  free=20330998  disk=72%
09:48:40  used=11093400  free=20330792  disk=72%
09:49:40  used=11093147  free=20365853  disk=72%
09:50:40  used=11093147  free=20365853  disk=72%
09:51:40  used=11093147  free=20365933  disk=72%
09:52:40  used=11093147  free=20365933  disk=72%
09:53:40  used=11093147  free=20365477  disk=72%
09:54:41  used=11093147  free=20364805  disk=72%
09:55:41  used=11093147  free=20364805  disk=72%
09:56:41  used=11093147  free=20364925  disk=72%
09:57:41  used=11093147  free=20364925  disk=72%
09:58:41  used=11093150  free=20350122  disk=72%
09:59:41  used=11093151  free=20278809  disk=72%
10:00:41  used=11093151  free=20278809  disk=72%
10:01:41  used=11093151  free=20278161  disk=72%
10:02:41  used=11093151  free=20278233  disk=72%
10:03:41  used=11093151  free=20278233  disk=72%
10:04:41  used=11093151  free=20278241  disk=72%
10:05:41  used=11093151  free=20278241  disk=72%
10:06:41  used=11093151  free=20278857  disk=72%
10:07:41  used=11093151  free=20278857  disk=72%
10:08:41  used=11093151  free=20278241  disk=72%
10:09:41  used=11093151  free=20278241  disk=72%
10:10:41  used=11093151  free=20277217  disk=72%
10:11:41  used=11093151  free=20277217  disk=72%
10:12:41  used=11093147  free=20363501  disk=72%
10:13:41  used=11093147  free=20363973  disk=72%
10:14:41  used=11093147  free=20362397  disk=72%
10:15:41  used=11093147  free=20362397  disk=72%
10:16:41  used=11093147  free=20362397  disk=72%
10:17:41  used=11093147  free=20362397  disk=72%
10:18:41  used=11093150  free=20359642  disk=72%
10:19:41  used=11093150  free=20360714  disk=72%
10:20:41  used=11093150  free=20361274  disk=72%
10:21:41  used=11093150  free=20360714  disk=72%
10:22:41  used=11093150  free=20359706  disk=72%
10:23:41  used=11093340  free=20326188  disk=72%
10:24:41  used=11093347  free=20326109  disk=72%
10:25:41  used=11093150  free=20359762  disk=72%
10:26:41  used=11093150  free=20359234  disk=72%
10:27:41  used=11093150  free=20360266  disk=72%
10:28:41  used=11093150  free=20359730  disk=72%
10:29:41  used=11093150  free=20358738  disk=72%
10:30:41  used=11093150  free=20358738  disk=72%
10:31:41  used=11093150  free=20358738  disk=72%
10:32:41  used=11093150  free=20358682  disk=72%
10:33:41  used=11093150  free=20359186  disk=72%
10:34:42  used=11093166  free=20359074  disk=72%
10:35:42  used=11093173  free=20359403  disk=72%
10:36:42  used=11093173  free=20359403  disk=72%
10:37:42  used=11093173  free=20358427  disk=72%
10:38:42  used=11093173  free=20358427  disk=72%
10:39:42  used=11093173  free=20358427  disk=72%
10:40:42  used=11093173  free=20358019  disk=72%
10:41:42  used=11093173  free=20357539  disk=72%
10:42:42  used=11093173  free=20357539  disk=72%
10:43:42  used=11093210  free=20689638  disk=72%
10:44:42  used=11093119  free=20632129  disk=72%
10:45:42  used=11093123  free=20630901  disk=72%
10:46:42  used=11093128  free=20569656  disk=72%
10:47:42  used=11093125  free=20570563  disk=72%
10:48:42  used=11093133  free=20573947  disk=72%
10:49:42  used=11093139  free=20544189  disk=72%
10:50:42  used=11093141  free=20512331  disk=72%
10:51:42  used=11093131  free=19287509  disk=72%
10:52:42  used=11093136  free=16656816  disk=72%
10:53:42  used=11093142  free=13747202  disk=72%
10:54:42  used=11093144  free=12786848  disk=72%
10:55:42  used=11093146  free=11748630  disk=72%
10:56:42  used=11093149  free=10170755  disk=72%
10:57:42  used=11093155  free=7040869  disk=72%
10:58:42  used=11093160  free=4435528  disk=72%
10:59:42  used=11093159  free=4379217  disk=72%
11:00:42  used=11093168  free=2283696  disk=72%
11:01:42  used=11093181  free=1650715  disk=72%
11:02:42  used=11093178  free=1189710  disk=72%
11:03:42  used=11093174  free=1189890  disk=72%
11:04:42  used=11093174  free=1191546  disk=72%
11:05:42  used=11093174  free=1191970  disk=72%
11:06:42  used=11093177  free=1158703  disk=72%
11:07:42  used=11093178  free=1054918  disk=72%
11:08:42  used=11093178  free=1054542  disk=72%
11:09:42  used=11093178  free=1054542  disk=72%
11:10:42  used=11093178  free=1054302  disk=72%
11:11:42  used=11093178  free=1054302  disk=72%
11:12:42  used=11093178  free=1055206  disk=72%
11:13:42  used=11093178  free=1055550  disk=72%
11:14:42  used=11093180  free=1055500  disk=72%
11:15:42  used=11093181  free=1053067  disk=72%
11:16:42  used=11093181  free=1053067  disk=72%
11:17:43  used=11093181  free=1052043  disk=72%
11:18:43  used=11093181  free=1052043  disk=72%
11:19:43  used=11093171  free=1215021  disk=72%
11:20:43  used=11093173  free=1215003  disk=72%
11:21:43  used=11093173  free=1215147  disk=72%
11:22:43  used=11093173  free=1214867  disk=72%
11:23:43  used=11093162  free=587078  disk=72%
11:24:43  used=11093162  free=587014  disk=72%
11:25:43  used=11093162  free=586926  disk=72%
11:26:43  used=11093162  free=586902  disk=72%
11:27:43  used=11093162  free=586878  disk=72%
11:28:43  used=11093162  free=586878  disk=72%
11:29:43  used=11093162  free=586878  disk=72%
11:30:43  used=11093162  free=586878  disk=72%
11:31:43  used=11093162  free=586878  disk=72%
11:32:43  used=11093162  free=586878  disk=72%
11:33:43  used=11093162  free=586878  disk=72%
11:34:43  used=11093162  free=586878  disk=72%
11:35:43  used=11093162  free=586878  disk=72%
11:36:43  used=11093162  free=586878  disk=72%
11:37:43  used=11093162  free=586878  disk=72%
11:38:43  used=11093162  free=586878  disk=72%
11:39:43  used=11093145  free=587175  disk=72%
11:40:43  used=11093145  free=587079  disk=72%
11:41:43  used=11093145  free=587015  disk=72%
11:42:43  used=11093145  free=586951  disk=72%
11:43:43  used=11093145  free=586895  disk=72%
11:44:43  used=11093145  free=586895  disk=72%
11:45:43  used=11093145  free=586895  disk=72%
11:46:43  used=11093145  free=586895  disk=72%
11:47:43  used=11093145  free=586895  disk=72%
11:48:43  used=11093145  free=586895  disk=72%
11:49:43  used=11093145  free=586895  disk=72%
11:50:43  used=11093145  free=586895  disk=72%
11:51:43  used=11093145  free=586895  disk=72%
11:52:43  used=11093145  free=586895  disk=72%
11:53:43  used=11092541  free=1280899  disk=72%
11:54:43  used=11092548  free=1280780  disk=72%
11:55:43  used=11092292  free=1315748  disk=72%
11:56:43  used=11092292  free=1314724  disk=72%
11:57:43  used=11092292  free=1314724  disk=72%
11:58:44  used=11092292  free=1314724  disk=72%
11:59:44  used=11092292  free=1314964  disk=72%
12:00:44  used=11092292  free=1314804  disk=72%
12:01:44  used=11092292  free=1314804  disk=72%
12:02:44  used=11092292  free=1314804  disk=72%
12:03:44  used=11092292  free=1314804  disk=72%
12:04:44  used=11092292  free=1314804  disk=72%
12:05:44  used=11092292  free=1314996  disk=72%
12:06:44  used=11092292  free=1314996  disk=72%
12:07:44  used=11092292  free=1314780  disk=72%
12:08:44  used=11092292  free=1314780  disk=72%
12:09:44  used=11092292  free=1314780  disk=72%
12:10:44  used=11092292  free=1314596  disk=72%
12:11:44  used=11092292  free=1314716  disk=72%
12:12:44  used=11092292  free=1313876  disk=72%
12:13:44  used=11092292  free=1313876  disk=72%
12:14:44  used=11092292  free=1313692  disk=72%
12:15:44  used=11092292  free=1313572  disk=72%
12:16:44  used=11092292  free=1313612  disk=72%
12:17:44  used=11092292  free=1313612  disk=72%
12:18:44  used=11092292  free=1313612  disk=72%
12:19:44  used=11092292  free=1313772  disk=72%
12:20:44  used=11092292  free=1313612  disk=72%
12:21:44  used=11092292  free=1313700  disk=72%
12:22:44  used=11092292  free=1313668  disk=72%
12:23:44  used=11092292  free=1313652  disk=72%
12:24:44  used=11092292  free=1313652  disk=72%
12:25:44  used=11092292  free=1313572  disk=72%
12:26:44  used=11092292  free=1313652  disk=72%
12:27:44  used=11092293  free=1312603  disk=72%
12:28:44  used=11092299  free=1254933  disk=72%
12:29:44  used=11092306  free=1252374  disk=72%
12:30:44  used=11092306  free=1252790  disk=72%
12:31:44  used=11092305  free=1252431  disk=72%
12:32:44  used=11092306  free=737438  disk=72%
12:33:45  used=11092310  free=590258  disk=72%
12:34:45  used=11092312  free=590712  disk=72%
12:35:45  used=11092317  free=591531  disk=72%
12:36:45  used=11092318  free=589874  disk=72%
12:37:45  used=11092319  free=589689  disk=72%
12:38:45  used=11092321  free=589527  disk=72%
12:39:45  used=11092323  free=590189  disk=72%
12:40:45  used=11092326  free=590058  disk=72%
12:41:45  used=11092331  free=589677  disk=72%
12:42:45  used=11092335  free=588361  disk=72%
12:43:45  used=11092337  free=588951  disk=72%
12:44:45  used=11092338  free=587766  disk=72%
12:45:45  used=11092340  free=587708  disk=72%
12:46:45  used=11092340  free=587700  disk=72%
12:47:45  used=11092340  free=587732  disk=72%
12:48:45  used=11092340  free=591532  disk=72%
12:49:45  used=11092348  free=588244  disk=72%
12:50:45  used=11092353  free=588071  disk=72%
12:51:45  used=11092348  free=587964  disk=72%
12:52:45  used=11092348  free=587684  disk=72%
12:53:45  used=11092348  free=587692  disk=72%
12:54:45  used=11092348  free=587692  disk=72%
12:55:45  used=11092348  free=587692  disk=72%
12:56:45  used=11092348  free=587692  disk=72%
12:57:45  used=11092348  free=587692  disk=72%
12:58:45  used=11092348  free=587692  disk=72%
12:59:45  used=11092348  free=587692  disk=72%
13:00:45  used=11092348  free=587692  disk=72%
13:01:45  used=11092348  free=587692  disk=72%
13:02:45  used=11092348  free=587692  disk=72%
13:03:45  used=11092348  free=587692  disk=72%
13:04:45  used=11092347  free=587693  disk=72%
13:05:45  used=11092347  free=587693  disk=72%
13:06:45  used=11092347  free=587693  disk=72%
13:07:45  used=11092347  free=587693  disk=72%
13:08:45  used=11092347  free=587757  disk=72%
13:09:45  used=11092347  free=587781  disk=72%
13:10:45  used=11092350  free=588122  disk=72%
13:11:45  used=11092351  free=588057  disk=72%
13:12:45  used=11092351  free=587929  disk=72%
13:13:45  used=11092351  free=587745  disk=72%
13:14:45  used=11092351  free=587649  disk=72%
13:15:46  used=11092351  free=587689  disk=72%
13:16:46  used=11092351  free=587689  disk=72%
13:17:46  used=11092351  free=587689  disk=72%
13:18:46  used=11092351  free=587689  disk=72%
13:19:46  used=11092351  free=587689  disk=72%
13:20:46  used=11092351  free=587689  disk=72%
13:21:46  used=11092351  free=587689  disk=72%
13:22:46  used=11092351  free=587689  disk=72%
13:23:46  used=11092351  free=587689  disk=72%
13:24:46  used=11092351  free=587689  disk=72%
13:25:46  used=11092351  free=587689  disk=72%
13:26:46  used=11092351  free=587689  disk=72%
13:27:46  used=11092351  free=587689  disk=72%
13:28:46  used=11092351  free=587689  disk=72%
13:29:46  used=11092351  free=587689  disk=72%
13:30:46  used=11092351  free=587689  disk=72%
13:31:46  used=11092351  free=587689  disk=72%
13:32:46  used=11092351  free=587689  disk=72%
13:33:46  used=11092351  free=587689  disk=72%
13:34:46  used=11092351  free=587689  disk=72%
13:35:46  used=11092351  free=587689  disk=72%
13:36:46  used=11092351  free=587689  disk=72%
13:37:46  used=11092351  free=587689  disk=72%
13:38:46  used=11092351  free=587689  disk=72%
13:39:46  used=11092351  free=587689  disk=72%
13:40:46  used=11092351  free=587689  disk=72%
13:41:46  used=11092351  free=587689  disk=72%
13:42:46  used=11092351  free=587689  disk=72%
13:43:46  used=11092351  free=587689  disk=72%
13:44:46  used=11092351  free=587689  disk=72%
13:45:46  used=11092351  free=587689  disk=72%
13:46:46  used=11092351  free=587689  disk=72%
13:47:46  used=11092351  free=587689  disk=72%
13:48:46  used=11092351  free=513:59:47  used=11092351  free=587785  disk=72%
14:00:47  used=11092351  free=587673  disk=72%
14:01:47  used=11092351  free=587689  disk=72%
14:02:47  used=11092351  free=587689  disk=72%
14:03:47  used=11092351  free=587689  disk=72%
14:04:47  used=11092351  free=587689  disk=72%
14:05:47  used=11092351  free=587689  disk=72%
14:06:47  used=11092351  free=587689  disk=72%
14:07:47  used=11092351  free=587689  disk=72%
14:08:47  used=11092351  free=587689  disk=72%
14:09:47  used=11092351  free=587689  disk=72%
14:10:47  used=11092351  free=587689  disk=72%
14:11:47  used=11092351  free=587689  disk=72%
14:12:47  used=11092351  free=587689  disk=72%
14:13:47  used=11092351  free=587689  disk=72%
14:14:47  used=11092351  free=587689  disk=72%
14:15:47  used=11092351  free=587689  disk=72%
14:16:47  used=11092351  free=587689  disk=72%
14:17:47  used=11092351  free=587689  disk=72%
14:18:47  used=11092351  free=587689  disk=72%
14:19:47  used=11092351  free=587689  disk=72%
14:20:47  used=11092351  free=587689  disk=72%
14:21:47  used=11092351  free=587689  disk=72%
14:22:47  used=11092351  free=587689  disk=72%
14:23:47  used=11092351  free=587689  disk=72%
14:24:47  used=11092351  free=587689  disk=72%
14:25:47  used=11092351  free=587689  disk=72%
14:26:47  used=11092351  free=587689  disk=72%
14:27:47  used=11092351  free=587689  disk=72%
14:28:47  used=11092351  free=587689  disk=72%
14:29:48  used=11092351  free=587689  disk=72%
14:30:48  used=11092351  free=587689  disk=72%
14:31:48  used=11092351  free=587689  disk=72%
14:32:48  used=11092351  free=587689  disk=72%
14:33:48  used=11092351  free=587689  disk=72%
14:34:48  used=11092351  free=587689  disk=72%
14:35:48  used=11092351  free=587689  disk=72%
14:36:48  used=11092351  free=587689  disk=72%
14:37:48  used=11092351  free=587689  disk=72%
14:38:48  used=11092351  free=587689  disk=72%
14:39:48  used=11092351  free=587689  disk=72%
14:40:48  used=11092351  free=587689  disk=72%
14:41:48  used=11092351  free=587689  disk=72%
14:42:48  used=11092351  free=587689  disk=72%
14:43:48  used=11092351  free=587689  disk=72%
14:44:48  used=11092351  free=587689  disk=72%
14:45:48  used=11092351  free=587689  disk=72%
14:46:48  used=11092351  free=587689  disk=72%
14:47:48  used=11092351  free=587689  disk=72%
14:48:48  used=11092351  free=587689  disk=72%
14:49:48  used=11092351  free=587689  disk=72%
14:50:48  used=11092351  free=587689  disk=72%
14:51:48  used=11092351  free=587689  disk=72%
14:52:48  used=11092351  free=587689  disk=72%
14:53:48  used=11092351  free=587689  disk=72%
14:54:48  used=11092351  free=587689  disk=72%
14:55:48  used=11092351  free=587689  disk=72%
14:56:48  used=11092351  free=587689  disk=72%
14:57:48  used=11092351  free=587689  disk=72%
14:58:48  used=11092351  free=587689  disk=72%
14:59:48  used=11092351  free=587689  disk=72%
15:00:48  used=11092351  free=587689  disk=72%
15:01:48  used=11092351  free=587689  disk=72%
15:02:48  used=11092351  free=587689  disk=72%
15:03:48  used=11092351  free=587689  disk=72%
15:04:48  used=11092351  free=587689  disk=72%
15:05:48  used=11092351  free=587689  disk=72%
15:06:48  used=11092351  free=587689  disk=72%
15:07:48  used=11092351  free=587689  disk=72%
15:08:48  used=11092347  free=4904117  disk=72%
15:09:48  used=11092348  free=4901292  disk=72%
15:10:48  used=11092357  free=4900963  disk=72%
15:11:48  used=11092363  free=4839581  disk=72%
15:12:49  used=11092364  free=4838476  disk=72%
15:13:49  used=11092364  free=4838476  disk=72%
15:14:49  used=11092364  free=4840452  disk=72%
15:15:49  used=11092364  free=4841188  disk=72%
15:16:49  used=11092364  free=4841652  disk=72%
15:17:49  used=11092364  free=4842604  disk=72%
15:18:49  used=11092615  free=4807577  disk=72%
15:19:49  used=11092364  free=4842604  disk=72%
15:20:49  used=11092364  free=4842588  disk=72%
15:21:49  used=11092364  free=4843620  disk=72%
15:22:49  used=11092364  free=4843620  disk=72%
15:23:49  used=11092365  free=3757747  disk=72%
15:24:49  used=11092365  free=3757747  disk=72%
15:25:49  used=11092366  free=2666850  disk=72%
15:26:49  used=11092366  free=2671250  disk=72%
15:27:49  used=11092366  free=2671194  disk=72%
15:28:49  used=11092366  free=2671386  disk=72%
15:29:49  used=11092366  free=2670418  disk=72%
15:30:49  used=11092556  free=2636940  disk=72%
15:31:49  used=11092366  free=2670450  disk=72%
15:32:49  used=11092366  free=2670490  disk=72%
15:33:49  used=11092371  free=2611509  disk=72%
15:34:49  used=11092371  free=2612957  disk=72%
15:35:49  used=11092371  free=2612957  disk=72%
15:36:49  used=11092371  free=2612061  disk=72%
15:37:49  used=11092371  free=2612045  disk=72%
15:38:49  used=11092371  free=2612085  disk=72%
15:39:49  used=11092371  free=2612085  disk=72%
15:40:49  used=11092371  free=2612085  disk=72%
15:41:49  used=11092371  free=2612949  disk=72%
15:42:49  used=11092379  free=2550789  disk=72%
15:43:49  used=11092385  free=2549615  disk=72%
15:44:49  used=11092385  free=2549615  disk=72%
15:45:49  used=11092392  free=2488208  disk=72%
15:46:49  used=11092394  free=2488246  disk=72%
15:47:49  used=11092400  free=591960  disk=72%
15:48:49  used=11092403  free=591965  disk=72%
15:49:49  used=11092405  free=591931  disk=72%
15:50:49  used=11092407  free=591945  disk=72%
15:51:49  used=11092413  free=591963  disk=72%
15:52:49  used=11092419  free=591765  disk=72%
15:53:49  used=11092422  free=591674  disk=72%
15:54:49  used=11092424  free=591704  disk=72%
15:55:50  used=11092427  free=591717  disk=72%
15:56:50  used=11092429  free=591595  disk=72%
15:57:50  used=11092433  free=591247  disk=72%
15:58:50  used=11092434  free=591382  disk=72%
15:59:50  used=11092436  free=590292  disk=72%
16:00:50  used=11092436  free=590316  disk=72%
16:01:50  used=11092438  free=590426  disk=72%
16:02:50  used=11092443  free=589893  disk=72%
16:03:50  used=11092447  free=590113  disk=72%
16:04:50  used=11092452  free=589620  disk=72%
16:05:50  used=11092454  free=589834  disk=72%
16:06:50  used=11092456  free=589896  disk=72%
16:07:50  used=11092463  free=589833  disk=72%
16:08:50  used=11092472  free=589776  disk=72%
16:09:50  used=11092476  free=589684  disk=72%
16:10:50  used=11092479  free=589681  disk=72%
16:11:50  used=11092482  free=589646  disk=72%
16:12:50  used=11092486  free=589546  disk=72%
16:13:50  used=11092493  free=588235  disk=72%
16:14:50  used=11092503  free=588313  disk=72%
16:15:50  used=11092503  free=588313  disk=72%
16:16:50  used=11092503  free=588281  disk=72%
16:17:50  used=11092503  free=588209  disk=72%
16:18:50  used=11092503  free=588097  disk=72%
16:19:50  used=11092500  free=588076  disk=72%
16:20:50  used=11092503  free=588065  disk=72%
16:21:50  used=11092505  free=588031  disk=72%
16:22:50  used=11092508  free=587916  disk=72%
16:23:50  used=11092509  free=587883  disk=72%
16:24:50  used=11092513  free=587599  disk=72%
16:25:50  used=11092518  free=587714  disk=72%
16:26:50  used=11092519  free=587641  disk=72%
16:27:50  used=11092521  free=587615  disk=72%
16:28:50  used=11092522  free=587622  disk=72%
16:29:50  used=11092523  free=587581  disk=72%
16:30:50  used=11092523  free=587565  disk=72%
16:31:50  used=11092523  free=587509  disk=72%
16:32:50  used=11092523  free=587493  disk=72%
16:33:50  used=11092523  free=587485  disk=72%
16:34:50  used=11092523  free=587517  disk=72%
16:35:50  used=11092523  free=587565  disk=72%
16:36:50  used=11092523  free=587517  disk=72%
16:37:50  used=11092523  free=587517  disk=72%
16:38:50  used=11092523  free=587517  disk=72%
16:39:51  used=11092523  free=587517  disk=72%
16:40:51  used=11092523  free=587477  disk=72%
16:41:51  used=11092523  free=587517  disk=72%
16:42:51  used=11092523  free=587517  disk=72%
16:43:51  used=11092523  free=587517  disk=72%
16:44:51  used=11092523  free=587517  disk=72%
16:45:51  used=11092523  free=587517  disk=72%
16:46:51  used=11092523  free=587517  disk=72%
16:47:51  used=11092523  free=587517  disk=72%
16:48:51  used=11092523  free=587517  disk=72%
16:49:51  used=11092523  free=587517  disk=72%
16:50:51  used=11092523  free=587517  disk=72%
16:51:51  used=11092523  free=587517  disk=72%
16:52:51  used=110925217:38:52  used=11092931  free=626253  disk=72%
17:39:52  used=11092770  free=658606  disk=72%
17:40:52  used=11092770  free=657942  disk=72%
17:41:52  used=11092773  free=587779  disk=72%
17:42:52  used=11092776  free=587824  disk=72%
17:43:52  used=11092780  free=587548  disk=72%
17:44:52  used=11092781  free=587587  disk=72%
17:45:52  used=11091027  free=739565  disk=72%
17:46:52  used=11091028  free=592484  disk=72%
17:47:52  used=11091031  free=593065  disk=72%
17:48:52  used=11091035  free=593109  disk=72%
17:49:52  used=11091036  free=592996  disk=72%
17:50:52  used=11091038  free=589026  disk=72%
17:51:52  used=11091038  free=589002  disk=72%
17:52:52  used=11091038  free=588978  disk=72%
17:53:52  used=11091038  free=589002  disk=72%
17:54:52  used=11091038  free=589002  disk=72%
17:55:52  used=11091038  free=589002  disk=72%
17:56:52  used=11091038  free=589002  disk=72%
17:57:52  used=11091038  free=589002  disk=72%
17:58:52  used=11091038  free=589002  disk=72%
17:59:52  used=11091038  free=589002  disk=72%
18:00:52  used=11091038  free=589002  disk=72%
18:01:52  used=11091038  free=589002  disk=72%
18:02:52  used=11091038  free=589002  disk=72%
18:03:52  used=11091038  free=589002  disk=72%
18:04:53  used=11091038  free=589002  disk=72%
18:05:53  used=11091038  free=589002  disk=72%
18:06:53  used=11091038  free=589002  disk=72%
18:07:53  used=11091038  free=589002  disk=72%
18:08:53  used=11091038  free=589002  disk=72%
18:09:53  used=11091038  free=589002  disk=72%
18:10:53  used=11091038  free=589002  disk=72%
18:11:53  used=11091038  free=589002  disk=72%
18:12:53  used=11091038  free=589002  disk=72%
18:13:53  used=11091038  free=589002  disk=72%
18:14:53  used=11091038  free=589002  disk=72%
18:15:53  used=11091038  free=589002  disk=72%
18:16:53  used=11091038  free=589002  disk=72%
18:17:53  used=11091038  free=589002  disk=72%
18:18:53  used=11091038  free=589002  disk=72%
18:19:53  used=11091038  free=589002  disk=72%
18:20:53  used=11091038  free=589002  disk=72%
18:21:53  used=11091038  free=589002  disk=72%
18:22:53  used=11091038  free=589002  disk=72%
18:23:53  used=11091038  free=589002  disk=72%
18:24:53  used=11091038  free=589002  disk=72%
18:25:53  used=11091038  free=589002  disk=72%
18:26:53  used=11091038  free=589002  disk=72%
18:27:53  used=11091038  free=589002  disk=72%
18:28:53  used=11091038  free=589002  disk=72%
18:29:53  used=11091038  free=589002  disk=72%
18:30:53  used=11091038  free=589002  disk=72%
18:31:53  used=11091038  free=589002  disk=72%
18:32:53  used=11091038  free=589002  disk=72%
18:33:53  used=11091038  free=589002  disk=72%
18:34:53  used=11091038  free=589002  disk=72%
18:35:53  used=11091038  free=589002  disk=72%
18:36:53  used=11091038  free=589002  disk=72%
18:37:53  used=11091038  free=589002  disk=72%
18:38:53  used=11091038  free=589002  disk=72%
18:39:53  used=11091038  free=589002  disk=72%
18:40:53  used=11091038  free=589002  disk=72%
18:41:53  used=11091038  free=589002  disk=72%
18:42:53  used=11091038  free=589002  disk=72%
18:43:53  used=11091038  free=589002  disk=72%
18:44:53  used=11091038  free=589002  disk=72%
18:45:54  used=11091038  free=589002  disk=72%
18:46:54  used=11091038  free=589002  disk=72%
18:47:54  used=11091038  free=589002  disk=72%
18:48:54  used=11091038  free=589002  disk=72%
18:49:54  used=11091038  free=589002  disk=72%
18:50:54  used=11091038  free=589002  disk=72%
18:51:54  used=11091038  free=589002  disk=72%
18:52:54  used=11091038  free=589002  disk=72%
18:53:54  used=11091038  free=589002  disk=72%
18:54:54  used=11091038  free=589002  disk=72%
18:55:54  used=11091038  free=589002  disk=72%
18:56:54  used=11091038  free=589002  disk=72%
18:57:54  used=11091038  free=589002  disk=72%
18:58:54  used=11091038  free=589002  disk=72%
18:59:54  used=11091038  free=589002  disk=72%
19:00:54  used=11091038  free=589002  disk=72%
19:01:54  used=11091038  free=589002  disk=72%
19:02:54  used=11091038  free=589002  disk=72%
19:03:54  used=11091038  free=589002  disk=72%
19:04:54  used=11091038  free=589002  disk=72%
19:05:5